hash,elapsed_time,age,evaluation_status,evaluation_year,evaluation_start_time,tree,error_string,pickle,FullDataSet False Positives,FullDataSet False Negatives,id,optimization,generation,hash
033d6bfcb8b5d4b517a9972c9fab36734d991c89ad8f2e0ab9050a60f9492270,0,0,EVALUATED,0,3/21/2021 22:26,"myHamming(randUnif(contMaskRangeExtent(bitAnd(spStdDev(ARG0, 9), canny(ARG0, 9, 0, 128)), ifThenElseFloat(notEqual(10.0, -3.4151293587773903), 0.1, myFloatMult(0.1, 2.728714887348538)), myFloatAdd(0.8171368928736449, ifThenFloat(falseBool, 0.1))), 150, greaterThan(myFloatSub(passFloat(10.0), myFloatAdd(0.01, 1.0)), ifThenFloat(notEqual(100.0, 1.0), ifThenFloat(falseBool, 10.0)))), passTriState(passTriState(passTriState(passTriState(0)))), trueBool)","Tree missing valid primitive for data type
 At least one objective returned inf. ",...,NULL,NULL,1,0,0,033d6bfcb8b5d4b517a9972c9fab36734d991c89ad8f2e0ab9050a60f9492270
b601d43d5f14cd9c4239e168d8e13cecff7b8ba76c6b88030845c0a948d5e9f9,62.0995,1,EVALUATED,0,3/21/2021 22:29,"AdaBoostLearner(ARG0, learnerType('ExtraTrees', {'n_estimators': 100, 'max_depth': 6, 'criterion': 0}), 2, 0.01)",NULL,...,0.147586,0.317016,2,0,1,b601d43d5f14cd9c4239e168d8e13cecff7b8ba76c6b88030845c0a948d5e9f9
50b0681f0cb707d5811316fcecef6aeb0e7e516186ac51f5cccfee16eca9c913,116.367,1,EVALUATED,0,3/21/2021 22:34,"BaggedLearner(ARG0, learnerType('Blup', None))",NULL,...,0.100897,0.340981,3,0,2,50b0681f0cb707d5811316fcecef6aeb0e7e516186ac51f5cccfee16eca9c913
b601d43d5f14cd9c4239e168d8e13cecff7b8ba76c6b88030845c0a948d5e9f9,62.0995,1,EVALUATED,0,3/21/2021 22:29,"AdaBoostLearner(ARG0, learnerType('ExtraTrees', {'n_estimators': 100, 'max_depth': 6, 'criterion': 0}), 2, 0.01)",NULL,...,0.147586,0.317016,4,0,2,b601d43d5f14cd9c4239e168d8e13cecff7b8ba76c6b88030845c0a948d5e9f9
50b0681f0cb707d5811316fcecef6aeb0e7e516186ac51f5cccfee16eca9c913,116.367,1,EVALUATED,0,3/21/2021 22:34,"BaggedLearner(ARG0, learnerType('Blup', None))",NULL,...,0.100897,0.340981,5,0,3,50b0681f0cb707d5811316fcecef6aeb0e7e516186ac51f5cccfee16eca9c913
b601d43d5f14cd9c4239e168d8e13cecff7b8ba76c6b88030845c0a948d5e9f9,62.0995,1,EVALUATED,0,3/21/2021 22:29,"AdaBoostLearner(ARG0, learnerType('ExtraTrees', {'n_estimators': 100, 'max_depth': 6, 'criterion': 0}), 2, 0.01)",NULL,...,0.147586,0.317016,6,0,3,b601d43d5f14cd9c4239e168d8e13cecff7b8ba76c6b88030845c0a948d5e9f9
50b0681f0cb707d5811316fcecef6aeb0e7e516186ac51f5cccfee16eca9c913,116.367,1,EVALUATED,0,3/21/2021 22:34,"BaggedLearner(ARG0, learnerType('Blup', None))",NULL,...,0.100897,0.340981,7,0,4,50b0681f0cb707d5811316fcecef6aeb0e7e516186ac51f5cccfee16eca9c913
b601d43d5f14cd9c4239e168d8e13cecff7b8ba76c6b88030845c0a948d5e9f9,62.0995,1,EVALUATED,0,3/21/2021 22:29,"AdaBoostLearner(ARG0, learnerType('ExtraTrees', {'n_estimators': 100, 'max_depth': 6, 'criterion': 0}), 2, 0.01)",NULL,...,0.147586,0.317016,8,0,4,b601d43d5f14cd9c4239e168d8e13cecff7b8ba76c6b88030845c0a948d5e9f9
50b0681f0cb707d5811316fcecef6aeb0e7e516186ac51f5cccfee16eca9c913,116.367,1,EVALUATED,0,3/21/2021 22:34,"BaggedLearner(ARG0, learnerType('Blup', None))",NULL,...,0.100897,0.340981,9,0,5,50b0681f0cb707d5811316fcecef6aeb0e7e516186ac51f5cccfee16eca9c913
b601d43d5f14cd9c4239e168d8e13cecff7b8ba76c6b88030845c0a948d5e9f9,62.0995,1,EVALUATED,0,3/21/2021 22:29,"AdaBoostLearner(ARG0, learnerType('ExtraTrees', {'n_estimators': 100, 'max_depth': 6, 'criterion': 0}), 2, 0.01)",NULL,...,0.147586,0.317016,10,0,5,b601d43d5f14cd9c4239e168d8e13cecff7b8ba76c6b88030845c0a948d5e9f9
50b0681f0cb707d5811316fcecef6aeb0e7e516186ac51f5cccfee16eca9c913,116.367,1,EVALUATED,0,3/21/2021 22:34,"BaggedLearner(ARG0, learnerType('Blup', None))",NULL,...,0.100897,0.340981,11,0,6,50b0681f0cb707d5811316fcecef6aeb0e7e516186ac51f5cccfee16eca9c913
b601d43d5f14cd9c4239e168d8e13cecff7b8ba76c6b88030845c0a948d5e9f9,62.0995,1,EVALUATED,0,3/21/2021 22:29,"AdaBoostLearner(ARG0, learnerType('ExtraTrees', {'n_estimators': 100, 'max_depth': 6, 'criterion': 0}), 2, 0.01)",NULL,...,0.147586,0.317016,12,0,6,b601d43d5f14cd9c4239e168d8e13cecff7b8ba76c6b88030845c0a948d5e9f9
50b0681f0cb707d5811316fcecef6aeb0e7e516186ac51f5cccfee16eca9c913,116.367,1,EVALUATED,0,3/21/2021 22:34,"BaggedLearner(ARG0, learnerType('Blup', None))",NULL,...,0.100897,0.340981,13,0,7,50b0681f0cb707d5811316fcecef6aeb0e7e516186ac51f5cccfee16eca9c913
b601d43d5f14cd9c4239e168d8e13cecff7b8ba76c6b88030845c0a948d5e9f9,62.0995,1,EVALUATED,0,3/21/2021 22:29,"AdaBoostLearner(ARG0, learnerType('ExtraTrees', {'n_estimators': 100, 'max_depth': 6, 'criterion': 0}), 2, 0.01)",NULL,...,0.147586,0.317016,14,0,7,b601d43d5f14cd9c4239e168d8e13cecff7b8ba76c6b88030845c0a948d5e9f9
50b0681f0cb707d5811316fcecef6aeb0e7e516186ac51f5cccfee16eca9c913,116.367,1,EVALUATED,0,3/21/2021 22:34,"BaggedLearner(ARG0, learnerType('Blup', None))",NULL,...,0.100897,0.340981,15,0,8,50b0681f0cb707d5811316fcecef6aeb0e7e516186ac51f5cccfee16eca9c913
b601d43d5f14cd9c4239e168d8e13cecff7b8ba76c6b88030845c0a948d5e9f9,62.0995,1,EVALUATED,0,3/21/2021 22:29,"AdaBoostLearner(ARG0, learnerType('ExtraTrees', {'n_estimators': 100, 'max_depth': 6, 'criterion': 0}), 2, 0.01)",NULL,...,0.147586,0.317016,16,0,8,b601d43d5f14cd9c4239e168d8e13cecff7b8ba76c6b88030845c0a948d5e9f9
50b0681f0cb707d5811316fcecef6aeb0e7e516186ac51f5cccfee16eca9c913,116.367,1,EVALUATED,0,3/21/2021 22:34,"BaggedLearner(ARG0, learnerType('Blup', None))",NULL,...,0.100897,0.340981,17,0,9,50b0681f0cb707d5811316fcecef6aeb0e7e516186ac51f5cccfee16eca9c913
b601d43d5f14cd9c4239e168d8e13cecff7b8ba76c6b88030845c0a948d5e9f9,62.0995,1,EVALUATED,0,3/21/2021 22:29,"AdaBoostLearner(ARG0, learnerType('ExtraTrees', {'n_estimators': 100, 'max_depth': 6, 'criterion': 0}), 2, 0.01)",NULL,...,0.147586,0.317016,18,0,9,b601d43d5f14cd9c4239e168d8e13cecff7b8ba76c6b88030845c0a948d5e9f9
50b0681f0cb707d5811316fcecef6aeb0e7e516186ac51f5cccfee16eca9c913,116.367,1,EVALUATED,0,3/21/2021 22:34,"BaggedLearner(ARG0, learnerType('Blup', None))",NULL,...,0.100897,0.340981,19,0,10,50b0681f0cb707d5811316fcecef6aeb0e7e516186ac51f5cccfee16eca9c913
b601d43d5f14cd9c4239e168d8e13cecff7b8ba76c6b88030845c0a948d5e9f9,62.0995,1,EVALUATED,0,3/21/2021 22:29,"AdaBoostLearner(ARG0, learnerType('ExtraTrees', {'n_estimators': 100, 'max_depth': 6, 'criterion': 0}), 2, 0.01)",NULL,...,0.147586,0.317016,20,0,10,b601d43d5f14cd9c4239e168d8e13cecff7b8ba76c6b88030845c0a948d5e9f9
50b0681f0cb707d5811316fcecef6aeb0e7e516186ac51f5cccfee16eca9c913,116.367,1,EVALUATED,0,3/21/2021 22:34,"BaggedLearner(ARG0, learnerType('Blup', None))",NULL,...,0.100897,0.340981,21,0,11,50b0681f0cb707d5811316fcecef6aeb0e7e516186ac51f5cccfee16eca9c913
b601d43d5f14cd9c4239e168d8e13cecff7b8ba76c6b88030845c0a948d5e9f9,62.0995,1,EVALUATED,0,3/21/2021 22:29,"AdaBoostLearner(ARG0, learnerType('ExtraTrees', {'n_estimators': 100, 'max_depth': 6, 'criterion': 0}), 2, 0.01)",NULL,...,0.147586,0.317016,22,0,11,b601d43d5f14cd9c4239e168d8e13cecff7b8ba76c6b88030845c0a948d5e9f9
50b0681f0cb707d5811316fcecef6aeb0e7e516186ac51f5cccfee16eca9c913,116.367,1,EVALUATED,0,3/21/2021 22:34,"BaggedLearner(ARG0, learnerType('Blup', None))",NULL,...,0.100897,0.340981,23,0,12,50b0681f0cb707d5811316fcecef6aeb0e7e516186ac51f5cccfee16eca9c913
b601d43d5f14cd9c4239e168d8e13cecff7b8ba76c6b88030845c0a948d5e9f9,62.0995,1,EVALUATED,0,3/21/2021 22:29,"AdaBoostLearner(ARG0, learnerType('ExtraTrees', {'n_estimators': 100, 'max_depth': 6, 'criterion': 0}), 2, 0.01)",NULL,...,0.147586,0.317016,24,0,12,b601d43d5f14cd9c4239e168d8e13cecff7b8ba76c6b88030845c0a948d5e9f9
f3300d5776e8d456f849a7eeb5c91d3365b87ab02a09aad04c97f9cff101555a,50.1415,1,EVALUATED,9,3/21/2021 23:12,"BaggedLearner(ARG0, learnerType('Bayes', None))",NULL,...,0.224619,0.289657,25,0,12,f3300d5776e8d456f849a7eeb5c91d3365b87ab02a09aad04c97f9cff101555a
50b0681f0cb707d5811316fcecef6aeb0e7e516186ac51f5cccfee16eca9c913,116.367,1,EVALUATED,0,3/21/2021 22:34,"BaggedLearner(ARG0, learnerType('Blup', None))",NULL,...,0.100897,0.340981,26,0,13,50b0681f0cb707d5811316fcecef6aeb0e7e516186ac51f5cccfee16eca9c913
b601d43d5f14cd9c4239e168d8e13cecff7b8ba76c6b88030845c0a948d5e9f9,62.0995,1,EVALUATED,0,3/21/2021 22:29,"AdaBoostLearner(ARG0, learnerType('ExtraTrees', {'n_estimators': 100, 'max_depth': 6, 'criterion': 0}), 2, 0.01)",NULL,...,0.147586,0.317016,27,0,13,b601d43d5f14cd9c4239e168d8e13cecff7b8ba76c6b88030845c0a948d5e9f9
f3300d5776e8d456f849a7eeb5c91d3365b87ab02a09aad04c97f9cff101555a,50.1415,1,EVALUATED,9,3/21/2021 23:12,"BaggedLearner(ARG0, learnerType('Bayes', None))",NULL,...,0.224619,0.289657,28,0,13,f3300d5776e8d456f849a7eeb5c91d3365b87ab02a09aad04c97f9cff101555a
50b0681f0cb707d5811316fcecef6aeb0e7e516186ac51f5cccfee16eca9c913,116.367,1,EVALUATED,0,3/21/2021 22:34,"BaggedLearner(ARG0, learnerType('Blup', None))",NULL,...,0.100897,0.340981,29,0,14,50b0681f0cb707d5811316fcecef6aeb0e7e516186ac51f5cccfee16eca9c913
b601d43d5f14cd9c4239e168d8e13cecff7b8ba76c6b88030845c0a948d5e9f9,62.0995,1,EVALUATED,0,3/21/2021 22:29,"AdaBoostLearner(ARG0, learnerType('ExtraTrees', {'n_estimators': 100, 'max_depth': 6, 'criterion': 0}), 2, 0.01)",NULL,...,0.147586,0.317016,30,0,14,b601d43d5f14cd9c4239e168d8e13cecff7b8ba76c6b88030845c0a948d5e9f9
f3300d5776e8d456f849a7eeb5c91d3365b87ab02a09aad04c97f9cff101555a,50.1415,1,EVALUATED,9,3/21/2021 23:12,"BaggedLearner(ARG0, learnerType('Bayes', None))",NULL,...,0.224619,0.289657,31,0,14,f3300d5776e8d456f849a7eeb5c91d3365b87ab02a09aad04c97f9cff101555a
50b0681f0cb707d5811316fcecef6aeb0e7e516186ac51f5cccfee16eca9c913,116.367,1,EVALUATED,0,3/21/2021 22:34,"BaggedLearner(ARG0, learnerType('Blup', None))",NULL,...,0.100897,0.340981,32,0,15,50b0681f0cb707d5811316fcecef6aeb0e7e516186ac51f5cccfee16eca9c913
b601d43d5f14cd9c4239e168d8e13cecff7b8ba76c6b88030845c0a948d5e9f9,62.0995,1,EVALUATED,0,3/21/2021 22:29,"AdaBoostLearner(ARG0, learnerType('ExtraTrees', {'n_estimators': 100, 'max_depth': 6, 'criterion': 0}), 2, 0.01)",NULL,...,0.147586,0.317016,33,0,15,b601d43d5f14cd9c4239e168d8e13cecff7b8ba76c6b88030845c0a948d5e9f9
f3300d5776e8d456f849a7eeb5c91d3365b87ab02a09aad04c97f9cff101555a,50.1415,1,EVALUATED,9,3/21/2021 23:12,"BaggedLearner(ARG0, learnerType('Bayes', None))",NULL,...,0.224619,0.289657,34,0,15,f3300d5776e8d456f849a7eeb5c91d3365b87ab02a09aad04c97f9cff101555a
50b0681f0cb707d5811316fcecef6aeb0e7e516186ac51f5cccfee16eca9c913,116.367,1,EVALUATED,0,3/21/2021 22:34,"BaggedLearner(ARG0, learnerType('Blup', None))",NULL,...,0.100897,0.340981,35,0,16,50b0681f0cb707d5811316fcecef6aeb0e7e516186ac51f5cccfee16eca9c913
b601d43d5f14cd9c4239e168d8e13cecff7b8ba76c6b88030845c0a948d5e9f9,62.0995,1,EVALUATED,0,3/21/2021 22:29,"AdaBoostLearner(ARG0, learnerType('ExtraTrees', {'n_estimators': 100, 'max_depth': 6, 'criterion': 0}), 2, 0.01)",NULL,...,0.147586,0.317016,36,0,16,b601d43d5f14cd9c4239e168d8e13cecff7b8ba76c6b88030845c0a948d5e9f9
f3300d5776e8d456f849a7eeb5c91d3365b87ab02a09aad04c97f9cff101555a,50.1415,1,EVALUATED,9,3/21/2021 23:12,"BaggedLearner(ARG0, learnerType('Bayes', None))",NULL,...,0.224619,0.289657,37,0,16,f3300d5776e8d456f849a7eeb5c91d3365b87ab02a09aad04c97f9cff101555a
e332a160ae6f5605174b8c7dfec32083d4784bf2778463154c9d0c3d72fd0fcb,60.791,1,EVALUATED,16,3/21/2021 23:31,"BaggedLearner(ARG0, learnerType('Boosting', {'learning_rate': 0.1, 'n_estimators': 100, 'max_depth': 3}))",NULL,...,0.0854017,0.295103,38,0,17,e332a160ae6f5605174b8c7dfec32083d4784bf2778463154c9d0c3d72fd0fcb
f3300d5776e8d456f849a7eeb5c91d3365b87ab02a09aad04c97f9cff101555a,50.1415,1,EVALUATED,9,3/21/2021 23:12,"BaggedLearner(ARG0, learnerType('Bayes', None))",NULL,...,0.224619,0.289657,39,0,17,f3300d5776e8d456f849a7eeb5c91d3365b87ab02a09aad04c97f9cff101555a
c61f845c187689fff8bf81dbc18fc1b9d7927d0dfca437209009ed1604d6d61a,50.5175,1,EVALUATED,18,3/21/2021 23:35,"AdaBoostLearner(ARG0, learnerType('LogR', {'penalty': 0, 'C': 1.0}), 4, 0.01)",NULL,...,0,1,40,0,18,c61f845c187689fff8bf81dbc18fc1b9d7927d0dfca437209009ed1604d6d61a
e332a160ae6f5605174b8c7dfec32083d4784bf2778463154c9d0c3d72fd0fcb,60.791,1,EVALUATED,16,3/21/2021 23:31,"BaggedLearner(ARG0, learnerType('Boosting', {'learning_rate': 0.1, 'n_estimators': 100, 'max_depth': 3}))",NULL,...,0.0854017,0.295103,41,0,18,e332a160ae6f5605174b8c7dfec32083d4784bf2778463154c9d0c3d72fd0fcb
f3300d5776e8d456f849a7eeb5c91d3365b87ab02a09aad04c97f9cff101555a,50.1415,1,EVALUATED,9,3/21/2021 23:12,"BaggedLearner(ARG0, learnerType('Bayes', None))",NULL,...,0.224619,0.289657,42,0,18,f3300d5776e8d456f849a7eeb5c91d3365b87ab02a09aad04c97f9cff101555a
19e91c2c553783342af4a4a6bfecaac6d6efa489337f616006451c4ff80a37b5,65.8625,1,EVALUATED,18,3/21/2021 23:39,"AdaBoostLearner(ARG0, ModifyLearnerBool(learnerType('RandForest', {'n_estimators': 100, 'class_weight': 0, 'criterion': 0}), trueBool), 2, 0.01)",NULL,...,0.143248,0.265174,43,0,19,19e91c2c553783342af4a4a6bfecaac6d6efa489337f616006451c4ff80a37b5
c61f845c187689fff8bf81dbc18fc1b9d7927d0dfca437209009ed1604d6d61a,50.5175,1,EVALUATED,18,3/21/2021 23:35,"AdaBoostLearner(ARG0, learnerType('LogR', {'penalty': 0, 'C': 1.0}), 4, 0.01)",NULL,...,0,1,44,0,19,c61f845c187689fff8bf81dbc18fc1b9d7927d0dfca437209009ed1604d6d61a
e332a160ae6f5605174b8c7dfec32083d4784bf2778463154c9d0c3d72fd0fcb,60.791,1,EVALUATED,16,3/21/2021 23:31,"BaggedLearner(ARG0, learnerType('Boosting', {'learning_rate': 0.1, 'n_estimators': 100, 'max_depth': 3}))",NULL,...,0.0854017,0.295103,45,0,19,e332a160ae6f5605174b8c7dfec32083d4784bf2778463154c9d0c3d72fd0fcb
19e91c2c553783342af4a4a6bfecaac6d6efa489337f616006451c4ff80a37b5,65.8625,1,EVALUATED,18,3/21/2021 23:39,"AdaBoostLearner(ARG0, ModifyLearnerBool(learnerType('RandForest', {'n_estimators': 100, 'class_weight': 0, 'criterion': 0}), trueBool), 2, 0.01)",NULL,...,0.143248,0.265174,46,0,20,19e91c2c553783342af4a4a6bfecaac6d6efa489337f616006451c4ff80a37b5
c61f845c187689fff8bf81dbc18fc1b9d7927d0dfca437209009ed1604d6d61a,50.5175,1,EVALUATED,18,3/21/2021 23:35,"AdaBoostLearner(ARG0, learnerType('LogR', {'penalty': 0, 'C': 1.0}), 4, 0.01)",NULL,...,0,1,47,0,20,c61f845c187689fff8bf81dbc18fc1b9d7927d0dfca437209009ed1604d6d61a
e332a160ae6f5605174b8c7dfec32083d4784bf2778463154c9d0c3d72fd0fcb,60.791,1,EVALUATED,16,3/21/2021 23:31,"BaggedLearner(ARG0, learnerType('Boosting', {'learning_rate': 0.1, 'n_estimators': 100, 'max_depth': 3}))",NULL,...,0.0854017,0.295103,48,0,20,e332a160ae6f5605174b8c7dfec32083d4784bf2778463154c9d0c3d72fd0fcb
19e91c2c553783342af4a4a6bfecaac6d6efa489337f616006451c4ff80a37b5,65.8625,1,EVALUATED,18,3/21/2021 23:39,"AdaBoostLearner(ARG0, ModifyLearnerBool(learnerType('RandForest', {'n_estimators': 100, 'class_weight': 0, 'criterion': 0}), trueBool), 2, 0.01)",NULL,...,0.143248,0.265174,49,0,21,19e91c2c553783342af4a4a6bfecaac6d6efa489337f616006451c4ff80a37b5
c61f845c187689fff8bf81dbc18fc1b9d7927d0dfca437209009ed1604d6d61a,50.5175,1,EVALUATED,18,3/21/2021 23:35,"AdaBoostLearner(ARG0, learnerType('LogR', {'penalty': 0, 'C': 1.0}), 4, 0.01)",NULL,...,0,1,50,0,21,c61f845c187689fff8bf81dbc18fc1b9d7927d0dfca437209009ed1604d6d61a
e332a160ae6f5605174b8c7dfec32083d4784bf2778463154c9d0c3d72fd0fcb,60.791,1,EVALUATED,16,3/21/2021 23:31,"BaggedLearner(ARG0, learnerType('Boosting', {'learning_rate': 0.1, 'n_estimators': 100, 'max_depth': 3}))",NULL,...,0.0854017,0.295103,51,0,21,e332a160ae6f5605174b8c7dfec32083d4784bf2778463154c9d0c3d72fd0fcb
19e91c2c553783342af4a4a6bfecaac6d6efa489337f616006451c4ff80a37b5,65.8625,1,EVALUATED,18,3/21/2021 23:39,"AdaBoostLearner(ARG0, ModifyLearnerBool(learnerType('RandForest', {'n_estimators': 100, 'class_weight': 0, 'criterion': 0}), trueBool), 2, 0.01)",NULL,...,0.143248,0.265174,52,0,22,19e91c2c553783342af4a4a6bfecaac6d6efa489337f616006451c4ff80a37b5
c61f845c187689fff8bf81dbc18fc1b9d7927d0dfca437209009ed1604d6d61a,50.5175,1,EVALUATED,18,3/21/2021 23:35,"AdaBoostLearner(ARG0, learnerType('LogR', {'penalty': 0, 'C': 1.0}), 4, 0.01)",NULL,...,0,1,53,0,22,c61f845c187689fff8bf81dbc18fc1b9d7927d0dfca437209009ed1604d6d61a
e332a160ae6f5605174b8c7dfec32083d4784bf2778463154c9d0c3d72fd0fcb,60.791,1,EVALUATED,16,3/21/2021 23:31,"BaggedLearner(ARG0, learnerType('Boosting', {'learning_rate': 0.1, 'n_estimators': 100, 'max_depth': 3}))",NULL,...,0.0854017,0.295103,54,0,22,e332a160ae6f5605174b8c7dfec32083d4784bf2778463154c9d0c3d72fd0fcb
19e91c2c553783342af4a4a6bfecaac6d6efa489337f616006451c4ff80a37b5,65.8625,1,EVALUATED,18,3/21/2021 23:39,"AdaBoostLearner(ARG0, ModifyLearnerBool(learnerType('RandForest', {'n_estimators': 100, 'class_weight': 0, 'criterion': 0}), trueBool), 2, 0.01)",NULL,...,0.143248,0.265174,55,0,23,19e91c2c553783342af4a4a6bfecaac6d6efa489337f616006451c4ff80a37b5
c61f845c187689fff8bf81dbc18fc1b9d7927d0dfca437209009ed1604d6d61a,50.5175,1,EVALUATED,18,3/21/2021 23:35,"AdaBoostLearner(ARG0, learnerType('LogR', {'penalty': 0, 'C': 1.0}), 4, 0.01)",NULL,...,0,1,56,0,23,c61f845c187689fff8bf81dbc18fc1b9d7927d0dfca437209009ed1604d6d61a
e332a160ae6f5605174b8c7dfec32083d4784bf2778463154c9d0c3d72fd0fcb,60.791,1,EVALUATED,16,3/21/2021 23:31,"BaggedLearner(ARG0, learnerType('Boosting', {'learning_rate': 0.1, 'n_estimators': 100, 'max_depth': 3}))",NULL,...,0.0854017,0.295103,57,0,23,e332a160ae6f5605174b8c7dfec32083d4784bf2778463154c9d0c3d72fd0fcb
117f51debd213860d6b445742e4e815ea12568802558811211c9b0f3a9384154,88.4549,1,EVALUATED,23,3/22/2021 0:17,"AdaBoostLearner(ARG0, learnerType('Boosting', {'learning_rate': 0.1, 'n_estimators': 100, 'max_depth': 3}), 6, 0.1)",NULL,...,0.101697,0.291079,58,0,24,117f51debd213860d6b445742e4e815ea12568802558811211c9b0f3a9384154
19e91c2c553783342af4a4a6bfecaac6d6efa489337f616006451c4ff80a37b5,65.8625,1,EVALUATED,18,3/21/2021 23:39,"AdaBoostLearner(ARG0, ModifyLearnerBool(learnerType('RandForest', {'n_estimators': 100, 'class_weight': 0, 'criterion': 0}), trueBool), 2, 0.01)",NULL,...,0.143248,0.265174,59,0,24,19e91c2c553783342af4a4a6bfecaac6d6efa489337f616006451c4ff80a37b5
4ef5276b766efd28822db5f7c1ecd28f16a18cf1e76aa3fbc7d9d11b741ae23f,83.3597,1,EVALUATED,22,3/22/2021 0:19,"BaggedLearner(myTriangular(scAddInt(ARG0, myNot(greaterThanEqual(myFloatSub(-3.1289804854447976, 2.178447133245144), ifThenFloat(trueBool, 1.0)))), passTriState(0)), learnerType('ExtraTrees', {'n_estimators': 100, 'max_depth': 6, 'criterion': 0}))",NULL,...,0.141243,0.289338,60,0,24,4ef5276b766efd28822db5f7c1ecd28f16a18cf1e76aa3fbc7d9d11b741ae23f
c61f845c187689fff8bf81dbc18fc1b9d7927d0dfca437209009ed1604d6d61a,50.5175,1,EVALUATED,18,3/21/2021 23:35,"AdaBoostLearner(ARG0, learnerType('LogR', {'penalty': 0, 'C': 1.0}), 4, 0.01)",NULL,...,0,1,61,0,24,c61f845c187689fff8bf81dbc18fc1b9d7927d0dfca437209009ed1604d6d61a
e332a160ae6f5605174b8c7dfec32083d4784bf2778463154c9d0c3d72fd0fcb,60.791,1,EVALUATED,16,3/21/2021 23:31,"BaggedLearner(ARG0, learnerType('Boosting', {'learning_rate': 0.1, 'n_estimators': 100, 'max_depth': 3}))",NULL,...,0.0854017,0.295103,62,0,24,e332a160ae6f5605174b8c7dfec32083d4784bf2778463154c9d0c3d72fd0fcb
19e91c2c553783342af4a4a6bfecaac6d6efa489337f616006451c4ff80a37b5,65.8625,1,EVALUATED,18,3/21/2021 23:39,"AdaBoostLearner(ARG0, ModifyLearnerBool(learnerType('RandForest', {'n_estimators': 100, 'class_weight': 0, 'criterion': 0}), trueBool), 2, 0.01)",NULL,...,0.143248,0.265174,63,0,25,19e91c2c553783342af4a4a6bfecaac6d6efa489337f616006451c4ff80a37b5
84896ee10676d8dee6a06a7a13a8d244832bfe8b2f93227a84c89452fa7dc5c4,116.403,1,EVALUATED,23,3/22/2021 0:21,"AdaBoostLearner(ARG0, learnerType('RandForest', {'n_estimators': 100, 'class_weight': 0, 'criterion': 0}), 9, myFloatAdd(10.0, passFloat(1.0)))",NULL,...,0.0708491,0.705348,64,0,25,84896ee10676d8dee6a06a7a13a8d244832bfe8b2f93227a84c89452fa7dc5c4
bc1c3f2be1e77abcee7a600361e28bd3acac9a69a299be3113a7b74468f7981b,96.9926,1,EVALUATED,22,3/22/2021 0:25,"BaggedLearner(myArcCosineMath(ARG0, 0), learnerType('Boosting', {'learning_rate': 0.1, 'n_estimators': 100, 'max_depth': 3}))",NULL,...,0.0994017,0.287226,65,0,25,bc1c3f2be1e77abcee7a600361e28bd3acac9a69a299be3113a7b74468f7981b
c61f845c187689fff8bf81dbc18fc1b9d7927d0dfca437209009ed1604d6d61a,50.5175,1,EVALUATED,18,3/21/2021 23:35,"AdaBoostLearner(ARG0, learnerType('LogR', {'penalty': 0, 'C': 1.0}), 4, 0.01)",NULL,...,0,1,66,0,25,c61f845c187689fff8bf81dbc18fc1b9d7927d0dfca437209009ed1604d6d61a
e332a160ae6f5605174b8c7dfec32083d4784bf2778463154c9d0c3d72fd0fcb,60.791,1,EVALUATED,16,3/21/2021 23:31,"BaggedLearner(ARG0, learnerType('Boosting', {'learning_rate': 0.1, 'n_estimators': 100, 'max_depth': 3}))",NULL,...,0.0854017,0.295103,67,0,25,e332a160ae6f5605174b8c7dfec32083d4784bf2778463154c9d0c3d72fd0fcb
19e91c2c553783342af4a4a6bfecaac6d6efa489337f616006451c4ff80a37b5,65.8625,1,EVALUATED,18,3/21/2021 23:39,"AdaBoostLearner(ARG0, ModifyLearnerBool(learnerType('RandForest', {'n_estimators': 100, 'class_weight': 0, 'criterion': 0}), trueBool), 2, 0.01)",NULL,...,0.143248,0.265174,68,0,26,19e91c2c553783342af4a4a6bfecaac6d6efa489337f616006451c4ff80a37b5
2fe1c64110c4c8112226e7069ab04856f7e91e948a76d9e7045136942d6e956c,72.9353,1,EVALUATED,22,3/22/2021 0:28,"AdaBoostLearner(ARG0, learnerType('SVM', {'C': 1.0, 'kernel': 0}), 9, 0.1)",NULL,...,0.035,0.913266,69,0,26,2fe1c64110c4c8112226e7069ab04856f7e91e948a76d9e7045136942d6e956c
84896ee10676d8dee6a06a7a13a8d244832bfe8b2f93227a84c89452fa7dc5c4,116.403,1,EVALUATED,23,3/22/2021 0:21,"AdaBoostLearner(ARG0, learnerType('RandForest', {'n_estimators': 100, 'class_weight': 0, 'criterion': 0}), 9, myFloatAdd(10.0, passFloat(1.0)))",NULL,...,0.0708491,0.705348,70,0,26,84896ee10676d8dee6a06a7a13a8d244832bfe8b2f93227a84c89452fa7dc5c4
9ec8b6e801160295c9c665596c0a25cdc4b7e8647e1909e728d334c6c0c83e5b,72.5729,1,EVALUATED,26,3/22/2021 0:31,"AdaBoostLearner(ARG0, ModifyLearnerList(ModifyLearnerFloat(learnerType('SVM', {'C': 1.0, 'kernel': 0}), passFloat(myFloatAdd(0.1, ifThenElseFloat(greaterThanEqual(0.01, 100.0), myFloatMult(10.0, -1.5468305597278098), passFloat(10.0))))), myIntToList(10)), 6, 0.1)",NULL,...,0.0216667,0.959322,71,0,26,9ec8b6e801160295c9c665596c0a25cdc4b7e8647e1909e728d334c6c0c83e5b
bc1c3f2be1e77abcee7a600361e28bd3acac9a69a299be3113a7b74468f7981b,96.9926,1,EVALUATED,22,3/22/2021 0:25,"BaggedLearner(myArcCosineMath(ARG0, 0), learnerType('Boosting', {'learning_rate': 0.1, 'n_estimators': 100, 'max_depth': 3}))",NULL,...,0.0994017,0.287226,72,0,26,bc1c3f2be1e77abcee7a600361e28bd3acac9a69a299be3113a7b74468f7981b
c61f845c187689fff8bf81dbc18fc1b9d7927d0dfca437209009ed1604d6d61a,50.5175,1,EVALUATED,18,3/21/2021 23:35,"AdaBoostLearner(ARG0, learnerType('LogR', {'penalty': 0, 'C': 1.0}), 4, 0.01)",NULL,...,0,1,73,0,26,c61f845c187689fff8bf81dbc18fc1b9d7927d0dfca437209009ed1604d6d61a
e332a160ae6f5605174b8c7dfec32083d4784bf2778463154c9d0c3d72fd0fcb,60.791,1,EVALUATED,16,3/21/2021 23:31,"BaggedLearner(ARG0, learnerType('Boosting', {'learning_rate': 0.1, 'n_estimators': 100, 'max_depth': 3}))",NULL,...,0.0854017,0.295103,74,0,26,e332a160ae6f5605174b8c7dfec32083d4784bf2778463154c9d0c3d72fd0fcb
e50612c9c68ae969af7148353c98870713eab06eca37eb710afdc6804e0f8fcf,117.909,1,EVALUATED,24,3/22/2021 0:33,"AdaBoostLearner(ARG0, ModifyLearnerList(learnerType('RandForest', {'n_estimators': 100, 'class_weight': 0, 'criterion': 0}), [1, -1]), 32, myFloatDiv(100.0, 10.0))",NULL,...,0.454293,0.148685,75,0,26,e50612c9c68ae969af7148353c98870713eab06eca37eb710afdc6804e0f8fcf
19e91c2c553783342af4a4a6bfecaac6d6efa489337f616006451c4ff80a37b5,65.8625,1,EVALUATED,18,3/21/2021 23:39,"AdaBoostLearner(ARG0, ModifyLearnerBool(learnerType('RandForest', {'n_estimators': 100, 'class_weight': 0, 'criterion': 0}), trueBool), 2, 0.01)",NULL,...,0.143248,0.265174,76,0,27,19e91c2c553783342af4a4a6bfecaac6d6efa489337f616006451c4ff80a37b5
2fe1c64110c4c8112226e7069ab04856f7e91e948a76d9e7045136942d6e956c,72.9353,1,EVALUATED,22,3/22/2021 0:28,"AdaBoostLearner(ARG0, learnerType('SVM', {'C': 1.0, 'kernel': 0}), 9, 0.1)",NULL,...,0.035,0.913266,77,0,27,2fe1c64110c4c8112226e7069ab04856f7e91e948a76d9e7045136942d6e956c
4548b3bb74e21b38b81ce1d2c5db4987883b544d1f94e60114a529541f2e0221,75.3297,1,EVALUATED,26,3/22/2021 0:45,"AdaBoostLearner(ARG0, ModifyLearnerBool(learnerType('Trees', {'criterion': 0, 'splitter': 0}), falseBool), 2, 0.01)",NULL,...,0.122431,0.27393,78,0,27,4548b3bb74e21b38b81ce1d2c5db4987883b544d1f94e60114a529541f2e0221
84896ee10676d8dee6a06a7a13a8d244832bfe8b2f93227a84c89452fa7dc5c4,116.403,1,EVALUATED,23,3/22/2021 0:21,"AdaBoostLearner(ARG0, learnerType('RandForest', {'n_estimators': 100, 'class_weight': 0, 'criterion': 0}), 9, myFloatAdd(10.0, passFloat(1.0)))",NULL,...,0.0708491,0.705348,79,0,27,84896ee10676d8dee6a06a7a13a8d244832bfe8b2f93227a84c89452fa7dc5c4
8538a3f83d9f3d6db881bca03cf3d5671a1297326f8bd119eb768b89068209ac,76.8487,1,EVALUATED,27,3/22/2021 0:42,"AdaBoostLearner(ARG0, learnerType('Trees', {'criterion': 0, 'splitter': 0}), 6, 1.0)",NULL,...,0.164312,0.25088,80,0,27,8538a3f83d9f3d6db881bca03cf3d5671a1297326f8bd119eb768b89068209ac
9ec8b6e801160295c9c665596c0a25cdc4b7e8647e1909e728d334c6c0c83e5b,72.5729,1,EVALUATED,26,3/22/2021 0:31,"AdaBoostLearner(ARG0, ModifyLearnerList(ModifyLearnerFloat(learnerType('SVM', {'C': 1.0, 'kernel': 0}), passFloat(myFloatAdd(0.1, ifThenElseFloat(greaterThanEqual(0.01, 100.0), myFloatMult(10.0, -1.5468305597278098), passFloat(10.0))))), myIntToList(10)), 6, 0.1)",NULL,...,0.0216667,0.959322,81,0,27,9ec8b6e801160295c9c665596c0a25cdc4b7e8647e1909e728d334c6c0c83e5b
bc1c3f2be1e77abcee7a600361e28bd3acac9a69a299be3113a7b74468f7981b,96.9926,1,EVALUATED,22,3/22/2021 0:25,"BaggedLearner(myArcCosineMath(ARG0, 0), learnerType('Boosting', {'learning_rate': 0.1, 'n_estimators': 100, 'max_depth': 3}))",NULL,...,0.0994017,0.287226,82,0,27,bc1c3f2be1e77abcee7a600361e28bd3acac9a69a299be3113a7b74468f7981b
c61f845c187689fff8bf81dbc18fc1b9d7927d0dfca437209009ed1604d6d61a,50.5175,1,EVALUATED,18,3/21/2021 23:35,"AdaBoostLearner(ARG0, learnerType('LogR', {'penalty': 0, 'C': 1.0}), 4, 0.01)",NULL,...,0,1,83,0,27,c61f845c187689fff8bf81dbc18fc1b9d7927d0dfca437209009ed1604d6d61a
e332a160ae6f5605174b8c7dfec32083d4784bf2778463154c9d0c3d72fd0fcb,60.791,1,EVALUATED,16,3/21/2021 23:31,"BaggedLearner(ARG0, learnerType('Boosting', {'learning_rate': 0.1, 'n_estimators': 100, 'max_depth': 3}))",NULL,...,0.0854017,0.295103,84,0,27,e332a160ae6f5605174b8c7dfec32083d4784bf2778463154c9d0c3d72fd0fcb
e50612c9c68ae969af7148353c98870713eab06eca37eb710afdc6804e0f8fcf,117.909,1,EVALUATED,24,3/22/2021 0:33,"AdaBoostLearner(ARG0, ModifyLearnerList(learnerType('RandForest', {'n_estimators': 100, 'class_weight': 0, 'criterion': 0}), [1, -1]), 32, myFloatDiv(100.0, 10.0))",NULL,...,0.454293,0.148685,85,0,27,e50612c9c68ae969af7148353c98870713eab06eca37eb710afdc6804e0f8fcf
19e91c2c553783342af4a4a6bfecaac6d6efa489337f616006451c4ff80a37b5,65.8625,1,EVALUATED,18,3/21/2021 23:39,"AdaBoostLearner(ARG0, ModifyLearnerBool(learnerType('RandForest', {'n_estimators': 100, 'class_weight': 0, 'criterion': 0}), trueBool), 2, 0.01)",NULL,...,0.143248,0.265174,86,0,28,19e91c2c553783342af4a4a6bfecaac6d6efa489337f616006451c4ff80a37b5
2fe1c64110c4c8112226e7069ab04856f7e91e948a76d9e7045136942d6e956c,72.9353,1,EVALUATED,22,3/22/2021 0:28,"AdaBoostLearner(ARG0, learnerType('SVM', {'C': 1.0, 'kernel': 0}), 9, 0.1)",NULL,...,0.035,0.913266,87,0,28,2fe1c64110c4c8112226e7069ab04856f7e91e948a76d9e7045136942d6e956c
4548b3bb74e21b38b81ce1d2c5db4987883b544d1f94e60114a529541f2e0221,75.3297,1,EVALUATED,26,3/22/2021 0:45,"AdaBoostLearner(ARG0, ModifyLearnerBool(learnerType('Trees', {'criterion': 0, 'splitter': 0}), falseBool), 2, 0.01)",NULL,...,0.122431,0.27393,88,0,28,4548b3bb74e21b38b81ce1d2c5db4987883b544d1f94e60114a529541f2e0221
84896ee10676d8dee6a06a7a13a8d244832bfe8b2f93227a84c89452fa7dc5c4,116.403,1,EVALUATED,23,3/22/2021 0:21,"AdaBoostLearner(ARG0, learnerType('RandForest', {'n_estimators': 100, 'class_weight': 0, 'criterion': 0}), 9, myFloatAdd(10.0, passFloat(1.0)))",NULL,...,0.0708491,0.705348,89,0,28,84896ee10676d8dee6a06a7a13a8d244832bfe8b2f93227a84c89452fa7dc5c4
8538a3f83d9f3d6db881bca03cf3d5671a1297326f8bd119eb768b89068209ac,76.8487,1,EVALUATED,27,3/22/2021 0:42,"AdaBoostLearner(ARG0, learnerType('Trees', {'criterion': 0, 'splitter': 0}), 6, 1.0)",NULL,...,0.164312,0.25088,90,0,28,8538a3f83d9f3d6db881bca03cf3d5671a1297326f8bd119eb768b89068209ac
9ec8b6e801160295c9c665596c0a25cdc4b7e8647e1909e728d334c6c0c83e5b,72.5729,1,EVALUATED,26,3/22/2021 0:31,"AdaBoostLearner(ARG0, ModifyLearnerList(ModifyLearnerFloat(learnerType('SVM', {'C': 1.0, 'kernel': 0}), passFloat(myFloatAdd(0.1, ifThenElseFloat(greaterThanEqual(0.01, 100.0), myFloatMult(10.0, -1.5468305597278098), passFloat(10.0))))), myIntToList(10)), 6, 0.1)",NULL,...,0.0216667,0.959322,91,0,28,9ec8b6e801160295c9c665596c0a25cdc4b7e8647e1909e728d334c6c0c83e5b
a87f14bc3fc6c4d80851c5fb69d5a699cb21328fe36a7f8d9c6af1d55e447f55,72.0969,1,EVALUATED,28,3/22/2021 0:53,"AdaBoostLearner(ARG0, learnerType('SVM', {'C': 1.0, 'kernel': 0}), 6, ifThenElseFloat(falseBool, 10.0, 3.0081735099378673))",NULL,...,1,0,92,0,28,a87f14bc3fc6c4d80851c5fb69d5a699cb21328fe36a7f8d9c6af1d55e447f55
bc1c3f2be1e77abcee7a600361e28bd3acac9a69a299be3113a7b74468f7981b,96.9926,1,EVALUATED,22,3/22/2021 0:25,"BaggedLearner(myArcCosineMath(ARG0, 0), learnerType('Boosting', {'learning_rate': 0.1, 'n_estimators': 100, 'max_depth': 3}))",NULL,...,0.0994017,0.287226,93,0,28,bc1c3f2be1e77abcee7a600361e28bd3acac9a69a299be3113a7b74468f7981b
c1a9ff20e5dc935e9e9648cc4973cfa208a414c72d6b68bcdc01f0eb9d8df1ea,161.096,1,EVALUATED,27,3/22/2021 0:46,"AdaBoostLearner(ARG0, learnerType('RandForest', {'n_estimators': 100, 'class_weight': 0, 'criterion': 0}), 50, myFloatMult(0.01, 0.01))",NULL,...,0.139633,0.273658,94,0,28,c1a9ff20e5dc935e9e9648cc4973cfa208a414c72d6b68bcdc01f0eb9d8df1ea
c61f845c187689fff8bf81dbc18fc1b9d7927d0dfca437209009ed1604d6d61a,50.5175,1,EVALUATED,18,3/21/2021 23:35,"AdaBoostLearner(ARG0, learnerType('LogR', {'penalty': 0, 'C': 1.0}), 4, 0.01)",NULL,...,0,1,95,0,28,c61f845c187689fff8bf81dbc18fc1b9d7927d0dfca437209009ed1604d6d61a
d497dc381fe540a58dcdb81b50efbb756346eb6939be033078bffb5094a354eb,71.7977,1,EVALUATED,27,3/22/2021 0:47,"AdaBoostLearner(myArcTangentMath(ARG0, passTriState(passTriState(1))), learnerType('Trees', {'criterion': 0, 'splitter': 0}), 255, myFloatDiv(100.0, 10.0))",NULL,...,0.44829,0.223478,96,0,28,d497dc381fe540a58dcdb81b50efbb756346eb6939be033078bffb5094a354eb
e332a160ae6f5605174b8c7dfec32083d4784bf2778463154c9d0c3d72fd0fcb,60.791,1,EVALUATED,16,3/21/2021 23:31,"BaggedLearner(ARG0, learnerType('Boosting', {'learning_rate': 0.1, 'n_estimators': 100, 'max_depth': 3}))",NULL,...,0.0854017,0.295103,97,0,28,e332a160ae6f5605174b8c7dfec32083d4784bf2778463154c9d0c3d72fd0fcb
e50612c9c68ae969af7148353c98870713eab06eca37eb710afdc6804e0f8fcf,117.909,1,EVALUATED,24,3/22/2021 0:33,"AdaBoostLearner(ARG0, ModifyLearnerList(learnerType('RandForest', {'n_estimators': 100, 'class_weight': 0, 'criterion': 0}), [1, -1]), 32, myFloatDiv(100.0, 10.0))",NULL,...,0.454293,0.148685,98,0,28,e50612c9c68ae969af7148353c98870713eab06eca37eb710afdc6804e0f8fcf
19e91c2c553783342af4a4a6bfecaac6d6efa489337f616006451c4ff80a37b5,65.8625,1,EVALUATED,18,3/21/2021 23:39,"AdaBoostLearner(ARG0, ModifyLearnerBool(learnerType('RandForest', {'n_estimators': 100, 'class_weight': 0, 'criterion': 0}), trueBool), 2, 0.01)",NULL,...,0.143248,0.265174,99,0,29,19e91c2c553783342af4a4a6bfecaac6d6efa489337f616006451c4ff80a37b5
4548b3bb74e21b38b81ce1d2c5db4987883b544d1f94e60114a529541f2e0221,75.3297,1,EVALUATED,26,3/22/2021 0:45,"AdaBoostLearner(ARG0, ModifyLearnerBool(learnerType('Trees', {'criterion': 0, 'splitter': 0}), falseBool), 2, 0.01)",NULL,...,0.122431,0.27393,100,0,29,4548b3bb74e21b38b81ce1d2c5db4987883b544d1f94e60114a529541f2e0221
58fa927e0958a6af3675264297bb80ed1bd2e51c4d1aaa57fb0f25a77f9df62a,66.4565,1,EVALUATED,28,3/22/2021 0:56,"AdaBoostLearner(ARG0, learnerType('LogR', {'penalty': 0, 'C': 1.0}), 6, 0.1)",NULL,...,0.00833333,0.886057,101,0,29,58fa927e0958a6af3675264297bb80ed1bd2e51c4d1aaa57fb0f25a77f9df62a
84896ee10676d8dee6a06a7a13a8d244832bfe8b2f93227a84c89452fa7dc5c4,116.403,1,EVALUATED,23,3/22/2021 0:21,"AdaBoostLearner(ARG0, learnerType('RandForest', {'n_estimators': 100, 'class_weight': 0, 'criterion': 0}), 9, myFloatAdd(10.0, passFloat(1.0)))",NULL,...,0.0708491,0.705348,102,0,29,84896ee10676d8dee6a06a7a13a8d244832bfe8b2f93227a84c89452fa7dc5c4
8538a3f83d9f3d6db881bca03cf3d5671a1297326f8bd119eb768b89068209ac,76.8487,1,EVALUATED,27,3/22/2021 0:42,"AdaBoostLearner(ARG0, learnerType('Trees', {'criterion': 0, 'splitter': 0}), 6, 1.0)",NULL,...,0.164312,0.25088,103,0,29,8538a3f83d9f3d6db881bca03cf3d5671a1297326f8bd119eb768b89068209ac
a87f14bc3fc6c4d80851c5fb69d5a699cb21328fe36a7f8d9c6af1d55e447f55,72.0969,1,EVALUATED,28,3/22/2021 0:53,"AdaBoostLearner(ARG0, learnerType('SVM', {'C': 1.0, 'kernel': 0}), 6, ifThenElseFloat(falseBool, 10.0, 3.0081735099378673))",NULL,...,1,0,104,0,29,a87f14bc3fc6c4d80851c5fb69d5a699cb21328fe36a7f8d9c6af1d55e447f55
bc1c3f2be1e77abcee7a600361e28bd3acac9a69a299be3113a7b74468f7981b,96.9926,1,EVALUATED,22,3/22/2021 0:25,"BaggedLearner(myArcCosineMath(ARG0, 0), learnerType('Boosting', {'learning_rate': 0.1, 'n_estimators': 100, 'max_depth': 3}))",NULL,...,0.0994017,0.287226,105,0,29,bc1c3f2be1e77abcee7a600361e28bd3acac9a69a299be3113a7b74468f7981b
c1a9ff20e5dc935e9e9648cc4973cfa208a414c72d6b68bcdc01f0eb9d8df1ea,161.096,1,EVALUATED,27,3/22/2021 0:46,"AdaBoostLearner(ARG0, learnerType('RandForest', {'n_estimators': 100, 'class_weight': 0, 'criterion': 0}), 50, myFloatMult(0.01, 0.01))",NULL,...,0.139633,0.273658,106,0,29,c1a9ff20e5dc935e9e9648cc4973cfa208a414c72d6b68bcdc01f0eb9d8df1ea
c61f845c187689fff8bf81dbc18fc1b9d7927d0dfca437209009ed1604d6d61a,50.5175,1,EVALUATED,18,3/21/2021 23:35,"AdaBoostLearner(ARG0, learnerType('LogR', {'penalty': 0, 'C': 1.0}), 4, 0.01)",NULL,...,0,1,107,0,29,c61f845c187689fff8bf81dbc18fc1b9d7927d0dfca437209009ed1604d6d61a
d497dc381fe540a58dcdb81b50efbb756346eb6939be033078bffb5094a354eb,71.7977,1,EVALUATED,27,3/22/2021 0:47,"AdaBoostLearner(myArcTangentMath(ARG0, passTriState(passTriState(1))), learnerType('Trees', {'criterion': 0, 'splitter': 0}), 255, myFloatDiv(100.0, 10.0))",NULL,...,0.44829,0.223478,108,0,29,d497dc381fe540a58dcdb81b50efbb756346eb6939be033078bffb5094a354eb
e332a160ae6f5605174b8c7dfec32083d4784bf2778463154c9d0c3d72fd0fcb,60.791,1,EVALUATED,16,3/21/2021 23:31,"BaggedLearner(ARG0, learnerType('Boosting', {'learning_rate': 0.1, 'n_estimators': 100, 'max_depth': 3}))",NULL,...,0.0854017,0.295103,109,0,29,e332a160ae6f5605174b8c7dfec32083d4784bf2778463154c9d0c3d72fd0fcb
e50612c9c68ae969af7148353c98870713eab06eca37eb710afdc6804e0f8fcf,117.909,1,EVALUATED,24,3/22/2021 0:33,"AdaBoostLearner(ARG0, ModifyLearnerList(learnerType('RandForest', {'n_estimators': 100, 'class_weight': 0, 'criterion': 0}), [1, -1]), 32, myFloatDiv(100.0, 10.0))",NULL,...,0.454293,0.148685,110,0,29,e50612c9c68ae969af7148353c98870713eab06eca37eb710afdc6804e0f8fcf
19e91c2c553783342af4a4a6bfecaac6d6efa489337f616006451c4ff80a37b5,65.8625,1,EVALUATED,18,3/21/2021 23:39,"AdaBoostLearner(ARG0, ModifyLearnerBool(learnerType('RandForest', {'n_estimators': 100, 'class_weight': 0, 'criterion': 0}), trueBool), 2, 0.01)",NULL,...,0.143248,0.265174,111,0,30,19e91c2c553783342af4a4a6bfecaac6d6efa489337f616006451c4ff80a37b5
4548b3bb74e21b38b81ce1d2c5db4987883b544d1f94e60114a529541f2e0221,75.3297,1,EVALUATED,26,3/22/2021 0:45,"AdaBoostLearner(ARG0, ModifyLearnerBool(learnerType('Trees', {'criterion': 0, 'splitter': 0}), falseBool), 2, 0.01)",NULL,...,0.122431,0.27393,112,0,30,4548b3bb74e21b38b81ce1d2c5db4987883b544d1f94e60114a529541f2e0221
58fa927e0958a6af3675264297bb80ed1bd2e51c4d1aaa57fb0f25a77f9df62a,66.4565,1,EVALUATED,28,3/22/2021 0:56,"AdaBoostLearner(ARG0, learnerType('LogR', {'penalty': 0, 'C': 1.0}), 6, 0.1)",NULL,...,0.00833333,0.886057,113,0,30,58fa927e0958a6af3675264297bb80ed1bd2e51c4d1aaa57fb0f25a77f9df62a
67001d752489e433418aad5a1d0ef08b199e6a6bed0efe38d66b685e346be318,77.4327,1,EVALUATED,29,3/22/2021 1:12,"AdaBoostLearner(ARG0, learnerType('SVM', {'C': 1.0, 'kernel': 0}), 32, 0.01)",NULL,...,0.005,0.966102,114,0,30,67001d752489e433418aad5a1d0ef08b199e6a6bed0efe38d66b685e346be318
84896ee10676d8dee6a06a7a13a8d244832bfe8b2f93227a84c89452fa7dc5c4,116.403,1,EVALUATED,23,3/22/2021 0:21,"AdaBoostLearner(ARG0, learnerType('RandForest', {'n_estimators': 100, 'class_weight': 0, 'criterion': 0}), 9, myFloatAdd(10.0, passFloat(1.0)))",NULL,...,0.0708491,0.705348,115,0,30,84896ee10676d8dee6a06a7a13a8d244832bfe8b2f93227a84c89452fa7dc5c4
8538a3f83d9f3d6db881bca03cf3d5671a1297326f8bd119eb768b89068209ac,76.8487,1,EVALUATED,27,3/22/2021 0:42,"AdaBoostLearner(ARG0, learnerType('Trees', {'criterion': 0, 'splitter': 0}), 6, 1.0)",NULL,...,0.164312,0.25088,116,0,30,8538a3f83d9f3d6db881bca03cf3d5671a1297326f8bd119eb768b89068209ac
a87f14bc3fc6c4d80851c5fb69d5a699cb21328fe36a7f8d9c6af1d55e447f55,72.0969,1,EVALUATED,28,3/22/2021 0:53,"AdaBoostLearner(ARG0, learnerType('SVM', {'C': 1.0, 'kernel': 0}), 6, ifThenElseFloat(falseBool, 10.0, 3.0081735099378673))",NULL,...,1,0,117,0,30,a87f14bc3fc6c4d80851c5fb69d5a699cb21328fe36a7f8d9c6af1d55e447f55
bc1c3f2be1e77abcee7a600361e28bd3acac9a69a299be3113a7b74468f7981b,96.9926,1,EVALUATED,22,3/22/2021 0:25,"BaggedLearner(myArcCosineMath(ARG0, 0), learnerType('Boosting', {'learning_rate': 0.1, 'n_estimators': 100, 'max_depth': 3}))",NULL,...,0.0994017,0.287226,118,0,30,bc1c3f2be1e77abcee7a600361e28bd3acac9a69a299be3113a7b74468f7981b
c1a9ff20e5dc935e9e9648cc4973cfa208a414c72d6b68bcdc01f0eb9d8df1ea,161.096,1,EVALUATED,27,3/22/2021 0:46,"AdaBoostLearner(ARG0, learnerType('RandForest', {'n_estimators': 100, 'class_weight': 0, 'criterion': 0}), 50, myFloatMult(0.01, 0.01))",NULL,...,0.139633,0.273658,119,0,30,c1a9ff20e5dc935e9e9648cc4973cfa208a414c72d6b68bcdc01f0eb9d8df1ea
c61f845c187689fff8bf81dbc18fc1b9d7927d0dfca437209009ed1604d6d61a,50.5175,1,EVALUATED,18,3/21/2021 23:35,"AdaBoostLearner(ARG0, learnerType('LogR', {'penalty': 0, 'C': 1.0}), 4, 0.01)",NULL,...,0,1,120,0,30,c61f845c187689fff8bf81dbc18fc1b9d7927d0dfca437209009ed1604d6d61a
d497dc381fe540a58dcdb81b50efbb756346eb6939be033078bffb5094a354eb,71.7977,1,EVALUATED,27,3/22/2021 0:47,"AdaBoostLearner(myArcTangentMath(ARG0, passTriState(passTriState(1))), learnerType('Trees', {'criterion': 0, 'splitter': 0}), 255, myFloatDiv(100.0, 10.0))",NULL,...,0.44829,0.223478,121,0,30,d497dc381fe540a58dcdb81b50efbb756346eb6939be033078bffb5094a354eb
e332a160ae6f5605174b8c7dfec32083d4784bf2778463154c9d0c3d72fd0fcb,60.791,1,EVALUATED,16,3/21/2021 23:31,"BaggedLearner(ARG0, learnerType('Boosting', {'learning_rate': 0.1, 'n_estimators': 100, 'max_depth': 3}))",NULL,...,0.0854017,0.295103,122,0,30,e332a160ae6f5605174b8c7dfec32083d4784bf2778463154c9d0c3d72fd0fcb
e50612c9c68ae969af7148353c98870713eab06eca37eb710afdc6804e0f8fcf,117.909,1,EVALUATED,24,3/22/2021 0:33,"AdaBoostLearner(ARG0, ModifyLearnerList(learnerType('RandForest', {'n_estimators': 100, 'class_weight': 0, 'criterion': 0}), [1, -1]), 32, myFloatDiv(100.0, 10.0))",NULL,...,0.454293,0.148685,123,0,30,e50612c9c68ae969af7148353c98870713eab06eca37eb710afdc6804e0f8fcf
4548b3bb74e21b38b81ce1d2c5db4987883b544d1f94e60114a529541f2e0221,75.3297,1,EVALUATED,26,3/22/2021 0:45,"AdaBoostLearner(ARG0, ModifyLearnerBool(learnerType('Trees', {'criterion': 0, 'splitter': 0}), falseBool), 2, 0.01)",NULL,...,0.122431,0.27393,124,0,31,4548b3bb74e21b38b81ce1d2c5db4987883b544d1f94e60114a529541f2e0221
58fa927e0958a6af3675264297bb80ed1bd2e51c4d1aaa57fb0f25a77f9df62a,66.4565,1,EVALUATED,28,3/22/2021 0:56,"AdaBoostLearner(ARG0, learnerType('LogR', {'penalty': 0, 'C': 1.0}), 6, 0.1)",NULL,...,0.00833333,0.886057,125,0,31,58fa927e0958a6af3675264297bb80ed1bd2e51c4d1aaa57fb0f25a77f9df62a
5a568629d745f14d0337db727b2b32b3c35b98220d0bfded16f64fc97709c232,207.258,1,EVALUATED,31,3/22/2021 1:31,"GridSearchLearner(ARG0, learnerType('RandForest', {'n_estimators': 100, 'class_weight': 0, 'criterion': 0}))",NULL,...,0.133642,0.262824,126,0,31,5a568629d745f14d0337db727b2b32b3c35b98220d0bfded16f64fc97709c232
67001d752489e433418aad5a1d0ef08b199e6a6bed0efe38d66b685e346be318,77.4327,1,EVALUATED,29,3/22/2021 1:12,"AdaBoostLearner(ARG0, learnerType('SVM', {'C': 1.0, 'kernel': 0}), 32, 0.01)",NULL,...,0.005,0.966102,127,0,31,67001d752489e433418aad5a1d0ef08b199e6a6bed0efe38d66b685e346be318
6a2e16cbab4833355bf0bbb575879a8ab5c4d87ebea7f3a63a2f4dfc92aefcad,90.6615,1,EVALUATED,30,3/22/2021 1:31,"AdaBoostLearner(myDeapDataSub(ARG0, myFloatSub(1.2848970998606362, 0.01)), learnerType('Boosting', {'learning_rate': 0.1, 'n_estimators': 100, 'max_depth': 3}), 32, 0.01)",NULL,...,0.0981439,0.29459,128,0,31,6a2e16cbab4833355bf0bbb575879a8ab5c4d87ebea7f3a63a2f4dfc92aefcad
84896ee10676d8dee6a06a7a13a8d244832bfe8b2f93227a84c89452fa7dc5c4,116.403,1,EVALUATED,23,3/22/2021 0:21,"AdaBoostLearner(ARG0, learnerType('RandForest', {'n_estimators': 100, 'class_weight': 0, 'criterion': 0}), 9, myFloatAdd(10.0, passFloat(1.0)))",NULL,...,0.0708491,0.705348,129,0,31,84896ee10676d8dee6a06a7a13a8d244832bfe8b2f93227a84c89452fa7dc5c4
8538a3f83d9f3d6db881bca03cf3d5671a1297326f8bd119eb768b89068209ac,76.8487,1,EVALUATED,27,3/22/2021 0:42,"AdaBoostLearner(ARG0, learnerType('Trees', {'criterion': 0, 'splitter': 0}), 6, 1.0)",NULL,...,0.164312,0.25088,130,0,31,8538a3f83d9f3d6db881bca03cf3d5671a1297326f8bd119eb768b89068209ac
a87f14bc3fc6c4d80851c5fb69d5a699cb21328fe36a7f8d9c6af1d55e447f55,72.0969,1,EVALUATED,28,3/22/2021 0:53,"AdaBoostLearner(ARG0, learnerType('SVM', {'C': 1.0, 'kernel': 0}), 6, ifThenElseFloat(falseBool, 10.0, 3.0081735099378673))",NULL,...,1,0,131,0,31,a87f14bc3fc6c4d80851c5fb69d5a699cb21328fe36a7f8d9c6af1d55e447f55
bc1c3f2be1e77abcee7a600361e28bd3acac9a69a299be3113a7b74468f7981b,96.9926,1,EVALUATED,22,3/22/2021 0:25,"BaggedLearner(myArcCosineMath(ARG0, 0), learnerType('Boosting', {'learning_rate': 0.1, 'n_estimators': 100, 'max_depth': 3}))",NULL,...,0.0994017,0.287226,132,0,31,bc1c3f2be1e77abcee7a600361e28bd3acac9a69a299be3113a7b74468f7981b
c61f845c187689fff8bf81dbc18fc1b9d7927d0dfca437209009ed1604d6d61a,50.5175,1,EVALUATED,18,3/21/2021 23:35,"AdaBoostLearner(ARG0, learnerType('LogR', {'penalty': 0, 'C': 1.0}), 4, 0.01)",NULL,...,0,1,133,0,31,c61f845c187689fff8bf81dbc18fc1b9d7927d0dfca437209009ed1604d6d61a
d497dc381fe540a58dcdb81b50efbb756346eb6939be033078bffb5094a354eb,71.7977,1,EVALUATED,27,3/22/2021 0:47,"AdaBoostLearner(myArcTangentMath(ARG0, passTriState(passTriState(1))), learnerType('Trees', {'criterion': 0, 'splitter': 0}), 255, myFloatDiv(100.0, 10.0))",NULL,...,0.44829,0.223478,134,0,31,d497dc381fe540a58dcdb81b50efbb756346eb6939be033078bffb5094a354eb
e332a160ae6f5605174b8c7dfec32083d4784bf2778463154c9d0c3d72fd0fcb,60.791,1,EVALUATED,16,3/21/2021 23:31,"BaggedLearner(ARG0, learnerType('Boosting', {'learning_rate': 0.1, 'n_estimators': 100, 'max_depth': 3}))",NULL,...,0.0854017,0.295103,135,0,31,e332a160ae6f5605174b8c7dfec32083d4784bf2778463154c9d0c3d72fd0fcb
e50612c9c68ae969af7148353c98870713eab06eca37eb710afdc6804e0f8fcf,117.909,1,EVALUATED,24,3/22/2021 0:33,"AdaBoostLearner(ARG0, ModifyLearnerList(learnerType('RandForest', {'n_estimators': 100, 'class_weight': 0, 'criterion': 0}), [1, -1]), 32, myFloatDiv(100.0, 10.0))",NULL,...,0.454293,0.148685,136,0,31,e50612c9c68ae969af7148353c98870713eab06eca37eb710afdc6804e0f8fcf
0a41efea3312f5f9e3d6ef47923ec5198f89ad8bbfc2849706d295aa7de1f354,71.1009,1,EVALUATED,32,3/22/2021 1:55,"AdaBoostLearner(ARG0, learnerType('Trees', {'criterion': 0, 'splitter': 0}), 6, ifThenElseFloat(lessThan(-0.9532776530248359, 3.0081735099378673), ifThenFloat(lessThanOrEqual(myFloatMult(passFloat(0.01), myFloatSub(0.38563313722379444, 1.0)), myFloatMult(myIntToFloat(2), ifThenElseFloat(falseBool, 1.188024799449913, 1.0))), myFloatAdd(myFloatMult(myFloatSub(1.0, 10.0), passFloat(0.1)), myIntToFloat(myIntMult(6, trueBool)))), 4.74281347056907))",NULL,...,0.261773,0.250119,137,0,32,0a41efea3312f5f9e3d6ef47923ec5198f89ad8bbfc2849706d295aa7de1f354
1fa64659c160c367582d1706cce508c1182d77b05444b771c4e41338a928f7d0,68.7923,1,EVALUATED,31,3/22/2021 1:50,"AdaBoostLearner(ARG0, learnerType('SVM', {'C': 1.0, 'kernel': 0}), 2, 0.01)",NULL,...,0,0.986441,138,0,32,1fa64659c160c367582d1706cce508c1182d77b05444b771c4e41338a928f7d0
4548b3bb74e21b38b81ce1d2c5db4987883b544d1f94e60114a529541f2e0221,75.3297,1,EVALUATED,26,3/22/2021 0:45,"AdaBoostLearner(ARG0, ModifyLearnerBool(learnerType('Trees', {'criterion': 0, 'splitter': 0}), falseBool), 2, 0.01)",NULL,...,0.122431,0.27393,139,0,32,4548b3bb74e21b38b81ce1d2c5db4987883b544d1f94e60114a529541f2e0221
500ba137c216277f743115061ca53c773a8c75312dc03665057709d44827cc9c,78.5867,1,EVALUATED,32,3/22/2021 1:59,"AdaBoostLearner(myDeapDataSub(ARG0, 2), learnerType('RandForest', {'n_estimators': 100, 'class_weight': 0, 'criterion': 0}), 9, myFloatAdd(10.0, passFloat(1.0)))",NULL,...,0.00950119,0.791076,140,0,32,500ba137c216277f743115061ca53c773a8c75312dc03665057709d44827cc9c
58fa927e0958a6af3675264297bb80ed1bd2e51c4d1aaa57fb0f25a77f9df62a,66.4565,1,EVALUATED,28,3/22/2021 0:56,"AdaBoostLearner(ARG0, learnerType('LogR', {'penalty': 0, 'C': 1.0}), 6, 0.1)",NULL,...,0.00833333,0.886057,141,0,32,58fa927e0958a6af3675264297bb80ed1bd2e51c4d1aaa57fb0f25a77f9df62a
5a568629d745f14d0337db727b2b32b3c35b98220d0bfded16f64fc97709c232,207.258,1,EVALUATED,31,3/22/2021 1:31,"GridSearchLearner(ARG0, learnerType('RandForest', {'n_estimators': 100, 'class_weight': 0, 'criterion': 0}))",NULL,...,0.133642,0.262824,142,0,32,5a568629d745f14d0337db727b2b32b3c35b98220d0bfded16f64fc97709c232
67001d752489e433418aad5a1d0ef08b199e6a6bed0efe38d66b685e346be318,77.4327,1,EVALUATED,29,3/22/2021 1:12,"AdaBoostLearner(ARG0, learnerType('SVM', {'C': 1.0, 'kernel': 0}), 32, 0.01)",NULL,...,0.005,0.966102,143,0,32,67001d752489e433418aad5a1d0ef08b199e6a6bed0efe38d66b685e346be318
6a2e16cbab4833355bf0bbb575879a8ab5c4d87ebea7f3a63a2f4dfc92aefcad,90.6615,1,EVALUATED,30,3/22/2021 1:31,"AdaBoostLearner(myDeapDataSub(ARG0, myFloatSub(1.2848970998606362, 0.01)), learnerType('Boosting', {'learning_rate': 0.1, 'n_estimators': 100, 'max_depth': 3}), 32, 0.01)",NULL,...,0.0981439,0.29459,144,0,32,6a2e16cbab4833355bf0bbb575879a8ab5c4d87ebea7f3a63a2f4dfc92aefcad
84896ee10676d8dee6a06a7a13a8d244832bfe8b2f93227a84c89452fa7dc5c4,116.403,1,EVALUATED,23,3/22/2021 0:21,"AdaBoostLearner(ARG0, learnerType('RandForest', {'n_estimators': 100, 'class_weight': 0, 'criterion': 0}), 9, myFloatAdd(10.0, passFloat(1.0)))",NULL,...,0.0708491,0.705348,145,0,32,84896ee10676d8dee6a06a7a13a8d244832bfe8b2f93227a84c89452fa7dc5c4
8538a3f83d9f3d6db881bca03cf3d5671a1297326f8bd119eb768b89068209ac,76.8487,1,EVALUATED,27,3/22/2021 0:42,"AdaBoostLearner(ARG0, learnerType('Trees', {'criterion': 0, 'splitter': 0}), 6, 1.0)",NULL,...,0.164312,0.25088,146,0,32,8538a3f83d9f3d6db881bca03cf3d5671a1297326f8bd119eb768b89068209ac
a87f14bc3fc6c4d80851c5fb69d5a699cb21328fe36a7f8d9c6af1d55e447f55,72.0969,1,EVALUATED,28,3/22/2021 0:53,"AdaBoostLearner(ARG0, learnerType('SVM', {'C': 1.0, 'kernel': 0}), 6, ifThenElseFloat(falseBool, 10.0, 3.0081735099378673))",NULL,...,1,0,147,0,32,a87f14bc3fc6c4d80851c5fb69d5a699cb21328fe36a7f8d9c6af1d55e447f55
b7a6b9d55ee453be1042256e814c93702d31e0f884aed8bfcec6c3c5351dba2d,68.4359,1,EVALUATED,32,3/22/2021 2:06,"AdaBoostLearner(myDeapDataSub(ARG0, myFloatSub(-1.4564792265771853, 0.01)), ModifyLearnerBool(learnerType('Trees', {'criterion': 0, 'splitter': 0}), trueBool), 2, 0.01)",NULL,...,0.125984,0.267581,148,0,32,b7a6b9d55ee453be1042256e814c93702d31e0f884aed8bfcec6c3c5351dba2d
bc1c3f2be1e77abcee7a600361e28bd3acac9a69a299be3113a7b74468f7981b,96.9926,1,EVALUATED,22,3/22/2021 0:25,"BaggedLearner(myArcCosineMath(ARG0, 0), learnerType('Boosting', {'learning_rate': 0.1, 'n_estimators': 100, 'max_depth': 3}))",NULL,...,0.0994017,0.287226,149,0,32,bc1c3f2be1e77abcee7a600361e28bd3acac9a69a299be3113a7b74468f7981b
d497dc381fe540a58dcdb81b50efbb756346eb6939be033078bffb5094a354eb,71.7977,1,EVALUATED,27,3/22/2021 0:47,"AdaBoostLearner(myArcTangentMath(ARG0, passTriState(passTriState(1))), learnerType('Trees', {'criterion': 0, 'splitter': 0}), 255, myFloatDiv(100.0, 10.0))",NULL,...,0.44829,0.223478,150,0,32,d497dc381fe540a58dcdb81b50efbb756346eb6939be033078bffb5094a354eb
e332a160ae6f5605174b8c7dfec32083d4784bf2778463154c9d0c3d72fd0fcb,60.791,1,EVALUATED,16,3/21/2021 23:31,"BaggedLearner(ARG0, learnerType('Boosting', {'learning_rate': 0.1, 'n_estimators': 100, 'max_depth': 3}))",NULL,...,0.0854017,0.295103,151,0,32,e332a160ae6f5605174b8c7dfec32083d4784bf2778463154c9d0c3d72fd0fcb
e50612c9c68ae969af7148353c98870713eab06eca37eb710afdc6804e0f8fcf,117.909,1,EVALUATED,24,3/22/2021 0:33,"AdaBoostLearner(ARG0, ModifyLearnerList(learnerType('RandForest', {'n_estimators': 100, 'class_weight': 0, 'criterion': 0}), [1, -1]), 32, myFloatDiv(100.0, 10.0))",NULL,...,0.454293,0.148685,152,0,32,e50612c9c68ae969af7148353c98870713eab06eca37eb710afdc6804e0f8fcf
0a41efea3312f5f9e3d6ef47923ec5198f89ad8bbfc2849706d295aa7de1f354,71.1009,1,EVALUATED,32,3/22/2021 1:55,"AdaBoostLearner(ARG0, learnerType('Trees', {'criterion': 0, 'splitter': 0}), 6, ifThenElseFloat(lessThan(-0.9532776530248359, 3.0081735099378673), ifThenFloat(lessThanOrEqual(myFloatMult(passFloat(0.01), myFloatSub(0.38563313722379444, 1.0)), myFloatMult(myIntToFloat(2), ifThenElseFloat(falseBool, 1.188024799449913, 1.0))), myFloatAdd(myFloatMult(myFloatSub(1.0, 10.0), passFloat(0.1)), myIntToFloat(myIntMult(6, trueBool)))), 4.74281347056907))",NULL,...,0.261773,0.250119,153,0,33,0a41efea3312f5f9e3d6ef47923ec5198f89ad8bbfc2849706d295aa7de1f354
1fa64659c160c367582d1706cce508c1182d77b05444b771c4e41338a928f7d0,68.7923,1,EVALUATED,31,3/22/2021 1:50,"AdaBoostLearner(ARG0, learnerType('SVM', {'C': 1.0, 'kernel': 0}), 2, 0.01)",NULL,...,0,0.986441,154,0,33,1fa64659c160c367582d1706cce508c1182d77b05444b771c4e41338a928f7d0
1ff0bb8e3ac6a970da56735feff3a00b26c1e99ca67e2190be44bd80650e6353,73.7197,1,EVALUATED,31,3/22/2021 2:22,"AdaBoostLearner(myLanczos(ARG0, 1), learnerType('LogR', {'penalty': 0, 'C': 1.0}), 4, 0.01)",NULL,...,0.00333333,0.963142,155,0,33,1ff0bb8e3ac6a970da56735feff3a00b26c1e99ca67e2190be44bd80650e6353
4548b3bb74e21b38b81ce1d2c5db4987883b544d1f94e60114a529541f2e0221,75.3297,1,EVALUATED,26,3/22/2021 0:45,"AdaBoostLearner(ARG0, ModifyLearnerBool(learnerType('Trees', {'criterion': 0, 'splitter': 0}), falseBool), 2, 0.01)",NULL,...,0.122431,0.27393,156,0,33,4548b3bb74e21b38b81ce1d2c5db4987883b544d1f94e60114a529541f2e0221
500ba137c216277f743115061ca53c773a8c75312dc03665057709d44827cc9c,78.5867,1,EVALUATED,32,3/22/2021 1:59,"AdaBoostLearner(myDeapDataSub(ARG0, 2), learnerType('RandForest', {'n_estimators': 100, 'class_weight': 0, 'criterion': 0}), 9, myFloatAdd(10.0, passFloat(1.0)))",NULL,...,0.00950119,0.791076,157,0,33,500ba137c216277f743115061ca53c773a8c75312dc03665057709d44827cc9c
58fa927e0958a6af3675264297bb80ed1bd2e51c4d1aaa57fb0f25a77f9df62a,66.4565,1,EVALUATED,28,3/22/2021 0:56,"AdaBoostLearner(ARG0, learnerType('LogR', {'penalty': 0, 'C': 1.0}), 6, 0.1)",NULL,...,0.00833333,0.886057,158,0,33,58fa927e0958a6af3675264297bb80ed1bd2e51c4d1aaa57fb0f25a77f9df62a
5a568629d745f14d0337db727b2b32b3c35b98220d0bfded16f64fc97709c232,207.258,1,EVALUATED,31,3/22/2021 1:31,"GridSearchLearner(ARG0, learnerType('RandForest', {'n_estimators': 100, 'class_weight': 0, 'criterion': 0}))",NULL,...,0.133642,0.262824,159,0,33,5a568629d745f14d0337db727b2b32b3c35b98220d0bfded16f64fc97709c232
6a2e16cbab4833355bf0bbb575879a8ab5c4d87ebea7f3a63a2f4dfc92aefcad,90.6615,1,EVALUATED,30,3/22/2021 1:31,"AdaBoostLearner(myDeapDataSub(ARG0, myFloatSub(1.2848970998606362, 0.01)), learnerType('Boosting', {'learning_rate': 0.1, 'n_estimators': 100, 'max_depth': 3}), 32, 0.01)",NULL,...,0.0981439,0.29459,160,0,33,6a2e16cbab4833355bf0bbb575879a8ab5c4d87ebea7f3a63a2f4dfc92aefcad
84896ee10676d8dee6a06a7a13a8d244832bfe8b2f93227a84c89452fa7dc5c4,116.403,1,EVALUATED,23,3/22/2021 0:21,"AdaBoostLearner(ARG0, learnerType('RandForest', {'n_estimators': 100, 'class_weight': 0, 'criterion': 0}), 9, myFloatAdd(10.0, passFloat(1.0)))",NULL,...,0.0708491,0.705348,161,0,33,84896ee10676d8dee6a06a7a13a8d244832bfe8b2f93227a84c89452fa7dc5c4
8538a3f83d9f3d6db881bca03cf3d5671a1297326f8bd119eb768b89068209ac,76.8487,1,EVALUATED,27,3/22/2021 0:42,"AdaBoostLearner(ARG0, learnerType('Trees', {'criterion': 0, 'splitter': 0}), 6, 1.0)",NULL,...,0.164312,0.25088,162,0,33,8538a3f83d9f3d6db881bca03cf3d5671a1297326f8bd119eb768b89068209ac
a87f14bc3fc6c4d80851c5fb69d5a699cb21328fe36a7f8d9c6af1d55e447f55,72.0969,1,EVALUATED,28,3/22/2021 0:53,"AdaBoostLearner(ARG0, learnerType('SVM', {'C': 1.0, 'kernel': 0}), 6, ifThenElseFloat(falseBool, 10.0, 3.0081735099378673))",NULL,...,1,0,163,0,33,a87f14bc3fc6c4d80851c5fb69d5a699cb21328fe36a7f8d9c6af1d55e447f55
adcc0e5f687cccf596a47d06137b9d0a29bbb1d573c4722c64e4b53f60a21e9a,72.3616,1,EVALUATED,32,3/22/2021 2:18,"BaggedLearner(myTriangular(scAddInt(ARG0, trueBool), passTriState(0)), learnerType('Boosting', {'learning_rate': 0.1, 'n_estimators': 100, 'max_depth': 3}))",NULL,...,0.0824713,0.358286,164,0,33,adcc0e5f687cccf596a47d06137b9d0a29bbb1d573c4722c64e4b53f60a21e9a
b7a6b9d55ee453be1042256e814c93702d31e0f884aed8bfcec6c3c5351dba2d,68.4359,1,EVALUATED,32,3/22/2021 2:06,"AdaBoostLearner(myDeapDataSub(ARG0, myFloatSub(-1.4564792265771853, 0.01)), ModifyLearnerBool(learnerType('Trees', {'criterion': 0, 'splitter': 0}), trueBool), 2, 0.01)",NULL,...,0.125984,0.267581,165,0,33,b7a6b9d55ee453be1042256e814c93702d31e0f884aed8bfcec6c3c5351dba2d
bc1c3f2be1e77abcee7a600361e28bd3acac9a69a299be3113a7b74468f7981b,96.9926,1,EVALUATED,22,3/22/2021 0:25,"BaggedLearner(myArcCosineMath(ARG0, 0), learnerType('Boosting', {'learning_rate': 0.1, 'n_estimators': 100, 'max_depth': 3}))",NULL,...,0.0994017,0.287226,166,0,33,bc1c3f2be1e77abcee7a600361e28bd3acac9a69a299be3113a7b74468f7981b
d497dc381fe540a58dcdb81b50efbb756346eb6939be033078bffb5094a354eb,71.7977,1,EVALUATED,27,3/22/2021 0:47,"AdaBoostLearner(myArcTangentMath(ARG0, passTriState(passTriState(1))), learnerType('Trees', {'criterion': 0, 'splitter': 0}), 255, myFloatDiv(100.0, 10.0))",NULL,...,0.44829,0.223478,167,0,33,d497dc381fe540a58dcdb81b50efbb756346eb6939be033078bffb5094a354eb
e332a160ae6f5605174b8c7dfec32083d4784bf2778463154c9d0c3d72fd0fcb,60.791,1,EVALUATED,16,3/21/2021 23:31,"BaggedLearner(ARG0, learnerType('Boosting', {'learning_rate': 0.1, 'n_estimators': 100, 'max_depth': 3}))",NULL,...,0.0854017,0.295103,168,0,33,e332a160ae6f5605174b8c7dfec32083d4784bf2778463154c9d0c3d72fd0fcb
e50612c9c68ae969af7148353c98870713eab06eca37eb710afdc6804e0f8fcf,117.909,1,EVALUATED,24,3/22/2021 0:33,"AdaBoostLearner(ARG0, ModifyLearnerList(learnerType('RandForest', {'n_estimators': 100, 'class_weight': 0, 'criterion': 0}), [1, -1]), 32, myFloatDiv(100.0, 10.0))",NULL,...,0.454293,0.148685,169,0,33,e50612c9c68ae969af7148353c98870713eab06eca37eb710afdc6804e0f8fcf
018d40644823fa988be90b29d7d6907d3081119f803ce630338fdeed91e5448f,73.7668,1,EVALUATED,34,3/22/2021 2:53,"AdaBoostLearner(ARG0, ModifyLearnerList(ModifyLearnerFloat(ModifyLearnerInt(learnerType('SVM', {'C': 1.0, 'kernel': 0}), 1, falseBool), 0.1), myIntToList(32)), 6, 0.1)",NULL,...,0.060472,0.659233,170,0,34,018d40644823fa988be90b29d7d6907d3081119f803ce630338fdeed91e5448f
0a41efea3312f5f9e3d6ef47923ec5198f89ad8bbfc2849706d295aa7de1f354,71.1009,1,EVALUATED,32,3/22/2021 1:55,"AdaBoostLearner(ARG0, learnerType('Trees', {'criterion': 0, 'splitter': 0}), 6, ifThenElseFloat(lessThan(-0.9532776530248359, 3.0081735099378673), ifThenFloat(lessThanOrEqual(myFloatMult(passFloat(0.01), myFloatSub(0.38563313722379444, 1.0)), myFloatMult(myIntToFloat(2), ifThenElseFloat(falseBool, 1.188024799449913, 1.0))), myFloatAdd(myFloatMult(myFloatSub(1.0, 10.0), passFloat(0.1)), myIntToFloat(myIntMult(6, trueBool)))), 4.74281347056907))",NULL,...,0.261773,0.250119,171,0,34,0a41efea3312f5f9e3d6ef47923ec5198f89ad8bbfc2849706d295aa7de1f354
1546c32fe089b3d3e07c4788b7bd0528641eb2e7bfb84f515db0b05d0b8b6876,78.7698,1,EVALUATED,34,3/22/2021 2:46,"AdaBoostLearner(myArcTangentMath(ARG0, passTriState(1)), ModifyLearnerList(learnerType('RandForest', {'n_estimators': 100, 'class_weight': 0, 'criterion': 0}), [-8, -9]), 9, myFloatDiv(100.0, 10.0))",NULL,...,0.00559419,0.795139,172,0,34,1546c32fe089b3d3e07c4788b7bd0528641eb2e7bfb84f515db0b05d0b8b6876
1fa64659c160c367582d1706cce508c1182d77b05444b771c4e41338a928f7d0,68.7923,1,EVALUATED,31,3/22/2021 1:50,"AdaBoostLearner(ARG0, learnerType('SVM', {'C': 1.0, 'kernel': 0}), 2, 0.01)",NULL,...,0,0.986441,173,0,34,1fa64659c160c367582d1706cce508c1182d77b05444b771c4e41338a928f7d0
1ff0bb8e3ac6a970da56735feff3a00b26c1e99ca67e2190be44bd80650e6353,73.7197,1,EVALUATED,31,3/22/2021 2:22,"AdaBoostLearner(myLanczos(ARG0, 1), learnerType('LogR', {'penalty': 0, 'C': 1.0}), 4, 0.01)",NULL,...,0.00333333,0.963142,174,0,34,1ff0bb8e3ac6a970da56735feff3a00b26c1e99ca67e2190be44bd80650e6353
37bddb654fa9d03adbe1d01ba291c1f5b08fc520d69afc14b64634001ee86aea,68.2918,1,EVALUATED,33,3/22/2021 2:53,"AdaBoostLearner(ARG0, learnerType('LogR', {'penalty': 0, 'C': 1.0}), 6, ifThenElseFloat(ifThenBool(falseBool, trueBool), 10.0, 0.38563313722379444))",NULL,...,0.0447247,0.686655,175,0,34,37bddb654fa9d03adbe1d01ba291c1f5b08fc520d69afc14b64634001ee86aea
4548b3bb74e21b38b81ce1d2c5db4987883b544d1f94e60114a529541f2e0221,75.3297,1,EVALUATED,26,3/22/2021 0:45,"AdaBoostLearner(ARG0, ModifyLearnerBool(learnerType('Trees', {'criterion': 0, 'splitter': 0}), falseBool), 2, 0.01)",NULL,...,0.122431,0.27393,176,0,34,4548b3bb74e21b38b81ce1d2c5db4987883b544d1f94e60114a529541f2e0221
500ba137c216277f743115061ca53c773a8c75312dc03665057709d44827cc9c,78.5867,1,EVALUATED,32,3/22/2021 1:59,"AdaBoostLearner(myDeapDataSub(ARG0, 2), learnerType('RandForest', {'n_estimators': 100, 'class_weight': 0, 'criterion': 0}), 9, myFloatAdd(10.0, passFloat(1.0)))",NULL,...,0.00950119,0.791076,177,0,34,500ba137c216277f743115061ca53c773a8c75312dc03665057709d44827cc9c
5a568629d745f14d0337db727b2b32b3c35b98220d0bfded16f64fc97709c232,207.258,1,EVALUATED,31,3/22/2021 1:31,"GridSearchLearner(ARG0, learnerType('RandForest', {'n_estimators': 100, 'class_weight': 0, 'criterion': 0}))",NULL,...,0.133642,0.262824,178,0,34,5a568629d745f14d0337db727b2b32b3c35b98220d0bfded16f64fc97709c232
6a2e16cbab4833355bf0bbb575879a8ab5c4d87ebea7f3a63a2f4dfc92aefcad,90.6615,1,EVALUATED,30,3/22/2021 1:31,"AdaBoostLearner(myDeapDataSub(ARG0, myFloatSub(1.2848970998606362, 0.01)), learnerType('Boosting', {'learning_rate': 0.1, 'n_estimators': 100, 'max_depth': 3}), 32, 0.01)",NULL,...,0.0981439,0.29459,179,0,34,6a2e16cbab4833355bf0bbb575879a8ab5c4d87ebea7f3a63a2f4dfc92aefcad
8538a3f83d9f3d6db881bca03cf3d5671a1297326f8bd119eb768b89068209ac,76.8487,1,EVALUATED,27,3/22/2021 0:42,"AdaBoostLearner(ARG0, learnerType('Trees', {'criterion': 0, 'splitter': 0}), 6, 1.0)",NULL,...,0.164312,0.25088,180,0,34,8538a3f83d9f3d6db881bca03cf3d5671a1297326f8bd119eb768b89068209ac
a87f14bc3fc6c4d80851c5fb69d5a699cb21328fe36a7f8d9c6af1d55e447f55,72.0969,1,EVALUATED,28,3/22/2021 0:53,"AdaBoostLearner(ARG0, learnerType('SVM', {'C': 1.0, 'kernel': 0}), 6, ifThenElseFloat(falseBool, 10.0, 3.0081735099378673))",NULL,...,1,0,181,0,34,a87f14bc3fc6c4d80851c5fb69d5a699cb21328fe36a7f8d9c6af1d55e447f55
adcc0e5f687cccf596a47d06137b9d0a29bbb1d573c4722c64e4b53f60a21e9a,72.3616,1,EVALUATED,32,3/22/2021 2:18,"BaggedLearner(myTriangular(scAddInt(ARG0, trueBool), passTriState(0)), learnerType('Boosting', {'learning_rate': 0.1, 'n_estimators': 100, 'max_depth': 3}))",NULL,...,0.0824713,0.358286,182,0,34,adcc0e5f687cccf596a47d06137b9d0a29bbb1d573c4722c64e4b53f60a21e9a
b7a6b9d55ee453be1042256e814c93702d31e0f884aed8bfcec6c3c5351dba2d,68.4359,1,EVALUATED,32,3/22/2021 2:06,"AdaBoostLearner(myDeapDataSub(ARG0, myFloatSub(-1.4564792265771853, 0.01)), ModifyLearnerBool(learnerType('Trees', {'criterion': 0, 'splitter': 0}), trueBool), 2, 0.01)",NULL,...,0.125984,0.267581,183,0,34,b7a6b9d55ee453be1042256e814c93702d31e0f884aed8bfcec6c3c5351dba2d
bc1c3f2be1e77abcee7a600361e28bd3acac9a69a299be3113a7b74468f7981b,96.9926,1,EVALUATED,22,3/22/2021 0:25,"BaggedLearner(myArcCosineMath(ARG0, 0), learnerType('Boosting', {'learning_rate': 0.1, 'n_estimators': 100, 'max_depth': 3}))",NULL,...,0.0994017,0.287226,184,0,34,bc1c3f2be1e77abcee7a600361e28bd3acac9a69a299be3113a7b74468f7981b
d497dc381fe540a58dcdb81b50efbb756346eb6939be033078bffb5094a354eb,71.7977,1,EVALUATED,27,3/22/2021 0:47,"AdaBoostLearner(myArcTangentMath(ARG0, passTriState(passTriState(1))), learnerType('Trees', {'criterion': 0, 'splitter': 0}), 255, myFloatDiv(100.0, 10.0))",NULL,...,0.44829,0.223478,185,0,34,d497dc381fe540a58dcdb81b50efbb756346eb6939be033078bffb5094a354eb
e332a160ae6f5605174b8c7dfec32083d4784bf2778463154c9d0c3d72fd0fcb,60.791,1,EVALUATED,16,3/21/2021 23:31,"BaggedLearner(ARG0, learnerType('Boosting', {'learning_rate': 0.1, 'n_estimators': 100, 'max_depth': 3}))",NULL,...,0.0854017,0.295103,186,0,34,e332a160ae6f5605174b8c7dfec32083d4784bf2778463154c9d0c3d72fd0fcb
e50612c9c68ae969af7148353c98870713eab06eca37eb710afdc6804e0f8fcf,117.909,1,EVALUATED,24,3/22/2021 0:33,"AdaBoostLearner(ARG0, ModifyLearnerList(learnerType('RandForest', {'n_estimators': 100, 'class_weight': 0, 'criterion': 0}), [1, -1]), 32, myFloatDiv(100.0, 10.0))",NULL,...,0.454293,0.148685,187,0,34,e50612c9c68ae969af7148353c98870713eab06eca37eb710afdc6804e0f8fcf
018d40644823fa988be90b29d7d6907d3081119f803ce630338fdeed91e5448f,73.7668,1,EVALUATED,34,3/22/2021 2:53,"AdaBoostLearner(ARG0, ModifyLearnerList(ModifyLearnerFloat(ModifyLearnerInt(learnerType('SVM', {'C': 1.0, 'kernel': 0}), 1, falseBool), 0.1), myIntToList(32)), 6, 0.1)",NULL,...,0.060472,0.659233,188,0,35,018d40644823fa988be90b29d7d6907d3081119f803ce630338fdeed91e5448f
0344320abb3a1b3364d6bdfd45bfc67d87a940874f71f9d9bbdb6f9553050d90,78.5787,1,EVALUATED,35,3/22/2021 3:19,"BaggedLearner(myTriangular(scAddInt(ARG0, myNot(greaterThanEqual(myFloatSub(passFloat(myFloatMult(myFloatSub(1.0, 3.8004258569849885), myFloatSub(10.0, 3.775732783578963))), 1.0), ifThenFloat(trueBool, 1.0)))), passTriState(0)), learnerType('RandForest', {'n_estimators': 100, 'class_weight': 0, 'criterion': 0}))",NULL,...,0.111587,0.275944,189,0,35,0344320abb3a1b3364d6bdfd45bfc67d87a940874f71f9d9bbdb6f9553050d90
0a41efea3312f5f9e3d6ef47923ec5198f89ad8bbfc2849706d295aa7de1f354,71.1009,1,EVALUATED,32,3/22/2021 1:55,"AdaBoostLearner(ARG0, learnerType('Trees', {'criterion': 0, 'splitter': 0}), 6, ifThenElseFloat(lessThan(-0.9532776530248359, 3.0081735099378673), ifThenFloat(lessThanOrEqual(myFloatMult(passFloat(0.01), myFloatSub(0.38563313722379444, 1.0)), myFloatMult(myIntToFloat(2), ifThenElseFloat(falseBool, 1.188024799449913, 1.0))), myFloatAdd(myFloatMult(myFloatSub(1.0, 10.0), passFloat(0.1)), myIntToFloat(myIntMult(6, trueBool)))), 4.74281347056907))",NULL,...,0.261773,0.250119,190,0,35,0a41efea3312f5f9e3d6ef47923ec5198f89ad8bbfc2849706d295aa7de1f354
1546c32fe089b3d3e07c4788b7bd0528641eb2e7bfb84f515db0b05d0b8b6876,78.7698,1,EVALUATED,34,3/22/2021 2:46,"AdaBoostLearner(myArcTangentMath(ARG0, passTriState(1)), ModifyLearnerList(learnerType('RandForest', {'n_estimators': 100, 'class_weight': 0, 'criterion': 0}), [-8, -9]), 9, myFloatDiv(100.0, 10.0))",NULL,...,0.00559419,0.795139,191,0,35,1546c32fe089b3d3e07c4788b7bd0528641eb2e7bfb84f515db0b05d0b8b6876
1fa64659c160c367582d1706cce508c1182d77b05444b771c4e41338a928f7d0,68.7923,1,EVALUATED,31,3/22/2021 1:50,"AdaBoostLearner(ARG0, learnerType('SVM', {'C': 1.0, 'kernel': 0}), 2, 0.01)",NULL,...,0,0.986441,192,0,35,1fa64659c160c367582d1706cce508c1182d77b05444b771c4e41338a928f7d0
1ff0bb8e3ac6a970da56735feff3a00b26c1e99ca67e2190be44bd80650e6353,73.7197,1,EVALUATED,31,3/22/2021 2:22,"AdaBoostLearner(myLanczos(ARG0, 1), learnerType('LogR', {'penalty': 0, 'C': 1.0}), 4, 0.01)",NULL,...,0.00333333,0.963142,193,0,35,1ff0bb8e3ac6a970da56735feff3a00b26c1e99ca67e2190be44bd80650e6353
28cc05885cc13fa85efce697b9f37277ff3f0e1faba99f436c42ed9ea9441fb6,92.0145,1,EVALUATED,35,3/22/2021 3:26,"BaggedLearner(myProd(ARG0, 0), learnerType('RandForest', {'n_estimators': 100, 'class_weight': 0, 'criterion': 0}))",NULL,...,0.00173913,0.976654,194,0,35,28cc05885cc13fa85efce697b9f37277ff3f0e1faba99f436c42ed9ea9441fb6
37bddb654fa9d03adbe1d01ba291c1f5b08fc520d69afc14b64634001ee86aea,68.2918,1,EVALUATED,33,3/22/2021 2:53,"AdaBoostLearner(ARG0, learnerType('LogR', {'penalty': 0, 'C': 1.0}), 6, ifThenElseFloat(ifThenBool(falseBool, trueBool), 10.0, 0.38563313722379444))",NULL,...,0.0447247,0.686655,195,0,35,37bddb654fa9d03adbe1d01ba291c1f5b08fc520d69afc14b64634001ee86aea
410cd4e9a11a0c15d51aafa7743252fb9d882434479bfc560e4b0507ddcb389a,68.6524,1,EVALUATED,34,3/22/2021 3:07,"AdaBoostLearner(ARG0, learnerType('LogR', {'penalty': 0, 'C': 1.0}), 4, 1.0)",NULL,...,0.0071884,0.774045,196,0,35,410cd4e9a11a0c15d51aafa7743252fb9d882434479bfc560e4b0507ddcb389a
4548b3bb74e21b38b81ce1d2c5db4987883b544d1f94e60114a529541f2e0221,75.3297,1,EVALUATED,26,3/22/2021 0:45,"AdaBoostLearner(ARG0, ModifyLearnerBool(learnerType('Trees', {'criterion': 0, 'splitter': 0}), falseBool), 2, 0.01)",NULL,...,0.122431,0.27393,197,0,35,4548b3bb74e21b38b81ce1d2c5db4987883b544d1f94e60114a529541f2e0221
5a568629d745f14d0337db727b2b32b3c35b98220d0bfded16f64fc97709c232,207.258,1,EVALUATED,31,3/22/2021 1:31,"GridSearchLearner(ARG0, learnerType('RandForest', {'n_estimators': 100, 'class_weight': 0, 'criterion': 0}))",NULL,...,0.133642,0.262824,198,0,35,5a568629d745f14d0337db727b2b32b3c35b98220d0bfded16f64fc97709c232
5e61302b7716997cfbdbf4130e5d0f08cad08894b12033401734bce5a4f63484,90.4898,1,EVALUATED,32,3/22/2021 3:01,"BaggedLearner(myDeapDataSub(myArcCosineMath(ARG0, passTriState(1)), 2), ModifyLearnerFloat(learnerType('ExtraTrees', {'n_estimators': 100, 'max_depth': 6, 'criterion': 0}), ifThenElseFloat(lessThan(myIntToFloat(9), ifThenElseFloat(trueBool, 0.01, 100.0)), 10.0, 2.6406491680405164)))",NULL,...,0.122558,0.272245,199,0,35,5e61302b7716997cfbdbf4130e5d0f08cad08894b12033401734bce5a4f63484
6a2e16cbab4833355bf0bbb575879a8ab5c4d87ebea7f3a63a2f4dfc92aefcad,90.6615,1,EVALUATED,30,3/22/2021 1:31,"AdaBoostLearner(myDeapDataSub(ARG0, myFloatSub(1.2848970998606362, 0.01)), learnerType('Boosting', {'learning_rate': 0.1, 'n_estimators': 100, 'max_depth': 3}), 32, 0.01)",NULL,...,0.0981439,0.29459,200,0,35,6a2e16cbab4833355bf0bbb575879a8ab5c4d87ebea7f3a63a2f4dfc92aefcad
8538a3f83d9f3d6db881bca03cf3d5671a1297326f8bd119eb768b89068209ac,76.8487,1,EVALUATED,27,3/22/2021 0:42,"AdaBoostLearner(ARG0, learnerType('Trees', {'criterion': 0, 'splitter': 0}), 6, 1.0)",NULL,...,0.164312,0.25088,201,0,35,8538a3f83d9f3d6db881bca03cf3d5671a1297326f8bd119eb768b89068209ac
a87f14bc3fc6c4d80851c5fb69d5a699cb21328fe36a7f8d9c6af1d55e447f55,72.0969,1,EVALUATED,28,3/22/2021 0:53,"AdaBoostLearner(ARG0, learnerType('SVM', {'C': 1.0, 'kernel': 0}), 6, ifThenElseFloat(falseBool, 10.0, 3.0081735099378673))",NULL,...,1,0,202,0,35,a87f14bc3fc6c4d80851c5fb69d5a699cb21328fe36a7f8d9c6af1d55e447f55
adcc0e5f687cccf596a47d06137b9d0a29bbb1d573c4722c64e4b53f60a21e9a,72.3616,1,EVALUATED,32,3/22/2021 2:18,"BaggedLearner(myTriangular(scAddInt(ARG0, trueBool), passTriState(0)), learnerType('Boosting', {'learning_rate': 0.1, 'n_estimators': 100, 'max_depth': 3}))",NULL,...,0.0824713,0.358286,203,0,35,adcc0e5f687cccf596a47d06137b9d0a29bbb1d573c4722c64e4b53f60a21e9a
b7a6b9d55ee453be1042256e814c93702d31e0f884aed8bfcec6c3c5351dba2d,68.4359,1,EVALUATED,32,3/22/2021 2:06,"AdaBoostLearner(myDeapDataSub(ARG0, myFloatSub(-1.4564792265771853, 0.01)), ModifyLearnerBool(learnerType('Trees', {'criterion': 0, 'splitter': 0}), trueBool), 2, 0.01)",NULL,...,0.125984,0.267581,204,0,35,b7a6b9d55ee453be1042256e814c93702d31e0f884aed8bfcec6c3c5351dba2d
bc1c3f2be1e77abcee7a600361e28bd3acac9a69a299be3113a7b74468f7981b,96.9926,1,EVALUATED,22,3/22/2021 0:25,"BaggedLearner(myArcCosineMath(ARG0, 0), learnerType('Boosting', {'learning_rate': 0.1, 'n_estimators': 100, 'max_depth': 3}))",NULL,...,0.0994017,0.287226,205,0,35,bc1c3f2be1e77abcee7a600361e28bd3acac9a69a299be3113a7b74468f7981b
d497dc381fe540a58dcdb81b50efbb756346eb6939be033078bffb5094a354eb,71.7977,1,EVALUATED,27,3/22/2021 0:47,"AdaBoostLearner(myArcTangentMath(ARG0, passTriState(passTriState(1))), learnerType('Trees', {'criterion': 0, 'splitter': 0}), 255, myFloatDiv(100.0, 10.0))",NULL,...,0.44829,0.223478,206,0,35,d497dc381fe540a58dcdb81b50efbb756346eb6939be033078bffb5094a354eb
e332a160ae6f5605174b8c7dfec32083d4784bf2778463154c9d0c3d72fd0fcb,60.791,1,EVALUATED,16,3/21/2021 23:31,"BaggedLearner(ARG0, learnerType('Boosting', {'learning_rate': 0.1, 'n_estimators': 100, 'max_depth': 3}))",NULL,...,0.0854017,0.295103,207,0,35,e332a160ae6f5605174b8c7dfec32083d4784bf2778463154c9d0c3d72fd0fcb
e50612c9c68ae969af7148353c98870713eab06eca37eb710afdc6804e0f8fcf,117.909,1,EVALUATED,24,3/22/2021 0:33,"AdaBoostLearner(ARG0, ModifyLearnerList(learnerType('RandForest', {'n_estimators': 100, 'class_weight': 0, 'criterion': 0}), [1, -1]), 32, myFloatDiv(100.0, 10.0))",NULL,...,0.454293,0.148685,208,0,35,e50612c9c68ae969af7148353c98870713eab06eca37eb710afdc6804e0f8fcf
018d40644823fa988be90b29d7d6907d3081119f803ce630338fdeed91e5448f,73.7668,1,EVALUATED,34,3/22/2021 2:53,"AdaBoostLearner(ARG0, ModifyLearnerList(ModifyLearnerFloat(ModifyLearnerInt(learnerType('SVM', {'C': 1.0, 'kernel': 0}), 1, falseBool), 0.1), myIntToList(32)), 6, 0.1)",NULL,...,0.060472,0.659233,209,0,36,018d40644823fa988be90b29d7d6907d3081119f803ce630338fdeed91e5448f
0344320abb3a1b3364d6bdfd45bfc67d87a940874f71f9d9bbdb6f9553050d90,78.5787,1,EVALUATED,35,3/22/2021 3:19,"BaggedLearner(myTriangular(scAddInt(ARG0, myNot(greaterThanEqual(myFloatSub(passFloat(myFloatMult(myFloatSub(1.0, 3.8004258569849885), myFloatSub(10.0, 3.775732783578963))), 1.0), ifThenFloat(trueBool, 1.0)))), passTriState(0)), learnerType('RandForest', {'n_estimators': 100, 'class_weight': 0, 'criterion': 0}))",NULL,...,0.111587,0.275944,210,0,36,0344320abb3a1b3364d6bdfd45bfc67d87a940874f71f9d9bbdb6f9553050d90
0a41efea3312f5f9e3d6ef47923ec5198f89ad8bbfc2849706d295aa7de1f354,71.1009,1,EVALUATED,32,3/22/2021 1:55,"AdaBoostLearner(ARG0, learnerType('Trees', {'criterion': 0, 'splitter': 0}), 6, ifThenElseFloat(lessThan(-0.9532776530248359, 3.0081735099378673), ifThenFloat(lessThanOrEqual(myFloatMult(passFloat(0.01), myFloatSub(0.38563313722379444, 1.0)), myFloatMult(myIntToFloat(2), ifThenElseFloat(falseBool, 1.188024799449913, 1.0))), myFloatAdd(myFloatMult(myFloatSub(1.0, 10.0), passFloat(0.1)), myIntToFloat(myIntMult(6, trueBool)))), 4.74281347056907))",NULL,...,0.261773,0.250119,211,0,36,0a41efea3312f5f9e3d6ef47923ec5198f89ad8bbfc2849706d295aa7de1f354
1546c32fe089b3d3e07c4788b7bd0528641eb2e7bfb84f515db0b05d0b8b6876,78.7698,1,EVALUATED,34,3/22/2021 2:46,"AdaBoostLearner(myArcTangentMath(ARG0, passTriState(1)), ModifyLearnerList(learnerType('RandForest', {'n_estimators': 100, 'class_weight': 0, 'criterion': 0}), [-8, -9]), 9, myFloatDiv(100.0, 10.0))",NULL,...,0.00559419,0.795139,212,0,36,1546c32fe089b3d3e07c4788b7bd0528641eb2e7bfb84f515db0b05d0b8b6876
1fa64659c160c367582d1706cce508c1182d77b05444b771c4e41338a928f7d0,68.7923,1,EVALUATED,31,3/22/2021 1:50,"AdaBoostLearner(ARG0, learnerType('SVM', {'C': 1.0, 'kernel': 0}), 2, 0.01)",NULL,...,0,0.986441,213,0,36,1fa64659c160c367582d1706cce508c1182d77b05444b771c4e41338a928f7d0
1ff0bb8e3ac6a970da56735feff3a00b26c1e99ca67e2190be44bd80650e6353,73.7197,1,EVALUATED,31,3/22/2021 2:22,"AdaBoostLearner(myLanczos(ARG0, 1), learnerType('LogR', {'penalty': 0, 'C': 1.0}), 4, 0.01)",NULL,...,0.00333333,0.963142,214,0,36,1ff0bb8e3ac6a970da56735feff3a00b26c1e99ca67e2190be44bd80650e6353
28cc05885cc13fa85efce697b9f37277ff3f0e1faba99f436c42ed9ea9441fb6,92.0145,1,EVALUATED,35,3/22/2021 3:26,"BaggedLearner(myProd(ARG0, 0), learnerType('RandForest', {'n_estimators': 100, 'class_weight': 0, 'criterion': 0}))",NULL,...,0.00173913,0.976654,215,0,36,28cc05885cc13fa85efce697b9f37277ff3f0e1faba99f436c42ed9ea9441fb6
37bddb654fa9d03adbe1d01ba291c1f5b08fc520d69afc14b64634001ee86aea,68.2918,1,EVALUATED,33,3/22/2021 2:53,"AdaBoostLearner(ARG0, learnerType('LogR', {'penalty': 0, 'C': 1.0}), 6, ifThenElseFloat(ifThenBool(falseBool, trueBool), 10.0, 0.38563313722379444))",NULL,...,0.0447247,0.686655,216,0,36,37bddb654fa9d03adbe1d01ba291c1f5b08fc520d69afc14b64634001ee86aea
410cd4e9a11a0c15d51aafa7743252fb9d882434479bfc560e4b0507ddcb389a,68.6524,1,EVALUATED,34,3/22/2021 3:07,"AdaBoostLearner(ARG0, learnerType('LogR', {'penalty': 0, 'C': 1.0}), 4, 1.0)",NULL,...,0.0071884,0.774045,217,0,36,410cd4e9a11a0c15d51aafa7743252fb9d882434479bfc560e4b0507ddcb389a
4548b3bb74e21b38b81ce1d2c5db4987883b544d1f94e60114a529541f2e0221,75.3297,1,EVALUATED,26,3/22/2021 0:45,"AdaBoostLearner(ARG0, ModifyLearnerBool(learnerType('Trees', {'criterion': 0, 'splitter': 0}), falseBool), 2, 0.01)",NULL,...,0.122431,0.27393,218,0,36,4548b3bb74e21b38b81ce1d2c5db4987883b544d1f94e60114a529541f2e0221
5a568629d745f14d0337db727b2b32b3c35b98220d0bfded16f64fc97709c232,207.258,1,EVALUATED,31,3/22/2021 1:31,"GridSearchLearner(ARG0, learnerType('RandForest', {'n_estimators': 100, 'class_weight': 0, 'criterion': 0}))",NULL,...,0.133642,0.262824,219,0,36,5a568629d745f14d0337db727b2b32b3c35b98220d0bfded16f64fc97709c232
5e61302b7716997cfbdbf4130e5d0f08cad08894b12033401734bce5a4f63484,90.4898,1,EVALUATED,32,3/22/2021 3:01,"BaggedLearner(myDeapDataSub(myArcCosineMath(ARG0, passTriState(1)), 2), ModifyLearnerFloat(learnerType('ExtraTrees', {'n_estimators': 100, 'max_depth': 6, 'criterion': 0}), ifThenElseFloat(lessThan(myIntToFloat(9), ifThenElseFloat(trueBool, 0.01, 100.0)), 10.0, 2.6406491680405164)))",NULL,...,0.122558,0.272245,220,0,36,5e61302b7716997cfbdbf4130e5d0f08cad08894b12033401734bce5a4f63484
64073ea314332e5ef661a14f4e02f62ab5f8b54b74047ef89c757d69c2e28f23,74.1151,1,EVALUATED,33,3/22/2021 3:59,"BaggedLearner(myTriangular(scAddInt(ARG0, myNot(greaterThanEqual(myFloatSub(-2.5876360220424455, -1.9936055732384181), ifThenFloat(trueBool, 0.1)))), passTriState(0)), learnerType('ExtraTrees', {'n_estimators': 100, 'max_depth': 6, 'criterion': 0}))",NULL,...,0.13268,0.266416,221,0,36,64073ea314332e5ef661a14f4e02f62ab5f8b54b74047ef89c757d69c2e28f23
6a2e16cbab4833355bf0bbb575879a8ab5c4d87ebea7f3a63a2f4dfc92aefcad,90.6615,1,EVALUATED,30,3/22/2021 1:31,"AdaBoostLearner(myDeapDataSub(ARG0, myFloatSub(1.2848970998606362, 0.01)), learnerType('Boosting', {'learning_rate': 0.1, 'n_estimators': 100, 'max_depth': 3}), 32, 0.01)",NULL,...,0.0981439,0.29459,222,0,36,6a2e16cbab4833355bf0bbb575879a8ab5c4d87ebea7f3a63a2f4dfc92aefcad
8538a3f83d9f3d6db881bca03cf3d5671a1297326f8bd119eb768b89068209ac,76.8487,1,EVALUATED,27,3/22/2021 0:42,"AdaBoostLearner(ARG0, learnerType('Trees', {'criterion': 0, 'splitter': 0}), 6, 1.0)",NULL,...,0.164312,0.25088,223,0,36,8538a3f83d9f3d6db881bca03cf3d5671a1297326f8bd119eb768b89068209ac
a87f14bc3fc6c4d80851c5fb69d5a699cb21328fe36a7f8d9c6af1d55e447f55,72.0969,1,EVALUATED,28,3/22/2021 0:53,"AdaBoostLearner(ARG0, learnerType('SVM', {'C': 1.0, 'kernel': 0}), 6, ifThenElseFloat(falseBool, 10.0, 3.0081735099378673))",NULL,...,1,0,224,0,36,a87f14bc3fc6c4d80851c5fb69d5a699cb21328fe36a7f8d9c6af1d55e447f55
adcc0e5f687cccf596a47d06137b9d0a29bbb1d573c4722c64e4b53f60a21e9a,72.3616,1,EVALUATED,32,3/22/2021 2:18,"BaggedLearner(myTriangular(scAddInt(ARG0, trueBool), passTriState(0)), learnerType('Boosting', {'learning_rate': 0.1, 'n_estimators': 100, 'max_depth': 3}))",NULL,...,0.0824713,0.358286,225,0,36,adcc0e5f687cccf596a47d06137b9d0a29bbb1d573c4722c64e4b53f60a21e9a
b7a6b9d55ee453be1042256e814c93702d31e0f884aed8bfcec6c3c5351dba2d,68.4359,1,EVALUATED,32,3/22/2021 2:06,"AdaBoostLearner(myDeapDataSub(ARG0, myFloatSub(-1.4564792265771853, 0.01)), ModifyLearnerBool(learnerType('Trees', {'criterion': 0, 'splitter': 0}), trueBool), 2, 0.01)",NULL,...,0.125984,0.267581,226,0,36,b7a6b9d55ee453be1042256e814c93702d31e0f884aed8bfcec6c3c5351dba2d
bc1c3f2be1e77abcee7a600361e28bd3acac9a69a299be3113a7b74468f7981b,96.9926,1,EVALUATED,22,3/22/2021 0:25,"BaggedLearner(myArcCosineMath(ARG0, 0), learnerType('Boosting', {'learning_rate': 0.1, 'n_estimators': 100, 'max_depth': 3}))",NULL,...,0.0994017,0.287226,227,0,36,bc1c3f2be1e77abcee7a600361e28bd3acac9a69a299be3113a7b74468f7981b
d497dc381fe540a58dcdb81b50efbb756346eb6939be033078bffb5094a354eb,71.7977,1,EVALUATED,27,3/22/2021 0:47,"AdaBoostLearner(myArcTangentMath(ARG0, passTriState(passTriState(1))), learnerType('Trees', {'criterion': 0, 'splitter': 0}), 255, myFloatDiv(100.0, 10.0))",NULL,...,0.44829,0.223478,228,0,36,d497dc381fe540a58dcdb81b50efbb756346eb6939be033078bffb5094a354eb
e332a160ae6f5605174b8c7dfec32083d4784bf2778463154c9d0c3d72fd0fcb,60.791,1,EVALUATED,16,3/21/2021 23:31,"BaggedLearner(ARG0, learnerType('Boosting', {'learning_rate': 0.1, 'n_estimators': 100, 'max_depth': 3}))",NULL,...,0.0854017,0.295103,229,0,36,e332a160ae6f5605174b8c7dfec32083d4784bf2778463154c9d0c3d72fd0fcb
e50612c9c68ae969af7148353c98870713eab06eca37eb710afdc6804e0f8fcf,117.909,1,EVALUATED,24,3/22/2021 0:33,"AdaBoostLearner(ARG0, ModifyLearnerList(learnerType('RandForest', {'n_estimators': 100, 'class_weight': 0, 'criterion': 0}), [1, -1]), 32, myFloatDiv(100.0, 10.0))",NULL,...,0.454293,0.148685,230,0,36,e50612c9c68ae969af7148353c98870713eab06eca37eb710afdc6804e0f8fcf
